BEAT_OF_OCCURRENCE,total_acidentes_ult_6m,acidentes_noite_ult_6m,acidentes_fim_semana_ult_6m,iluminacao_risco_ult_6m,pista_risco_ult_6m,defeito_via_ult_6m,dispositivo_problema_ult_6m,clima_risco_ult_6m,velocidade_soma_ult_6m,num_units_soma_ult_6m,lat_media_beat,lon_media_beat,media_acidentes_mensal_ult_6m,perc_acidentes_noite_ult_6m,perc_acidentes_fim_semana_ult_6m,perc_iluminacao_risco_ult_6m,perc_pista_risco_ult_6m,perc_defeito_via_ult_6m,perc_dispositivo_problema_ult_6m,perc_clima_risco_ult_6m,velocidade_media_ult_6m,num_units_medio_ult_6m,MES_REF,ultimo_mes_historico,mes_previsao,prioridade_prevista,prob_alta,prob_baixa,prob_media,prob_prioridade_prevista
114,489.0,165.0,134.0,156.0,59.0,9.0,5.0,59.0,15384.0,976.0,41.880698433791736,-87.61987373040616,81.5,0.3374233128834356,0.2740286298568507,0.31901840490797545,0.12065439672801637,0.018404907975460124,0.010224948875255624,0.12065439672801637,31.460122699386503,1.9959100204498978,2026-07-01,2026-06-01,7,ALTA,0.9889895866398414,0.0009317649745258206,0.010078648385632712,0.9889895866398414
1831,495.0,202.0,170.0,188.0,60.0,4.0,3.0,64.0,14395.0,996.0,41.89167452068914,-87.63417111633488,82.5,0.4080808080808081,0.3434343434343434,0.3797979797979798,0.12121212121212122,0.00808080808080808,0.006060606060606061,0.1292929292929293,29.08080808080808,2.012121212121212,2026-07-01,2026-06-01,7,ALTA,0.9843511412769966,0.0021393151437486303,0.013509543579254879,0.9843511412769966
813,508.0,173.0,135.0,151.0,83.0,4.0,8.0,76.0,14429.0,1040.0,41.78339087686779,-87.73588481046446,84.66666666666667,0.3405511811023622,0.265748031496063,0.297244094488189,0.16338582677165353,0.007874015748031496,0.015748031496062992,0.14960629921259844,28.403543307086615,2.047244094488189,2026-07-01,2026-06-01,7,ALTA,0.9795932866006907,0.0013215070558399722,0.019085206343469767,0.9795932866006907
1834,611.0,191.0,165.0,167.0,67.0,13.0,3.0,74.0,17900.0,1203.0,41.89247057013944,-87.62094830492437,101.83333333333333,0.31260229132569556,0.2700490998363339,0.2733224222585925,0.10965630114566285,0.02127659574468085,0.004909983633387889,0.12111292962356793,29.2962356792144,1.9689034369885434,2026-07-01,2026-06-01,7,ALTA,0.9791625951408389,0.0006786692717739379,0.020158735587387424,0.9791625951408389
2413,421.0,127.0,104.0,105.0,76.0,6.0,4.0,72.0,11510.0,866.0,41.9940877668618,-87.69311326241439,70.16666666666667,0.3016627078384798,0.24703087885985747,0.2494061757719715,0.18052256532066507,0.014251781472684086,0.009501187648456057,0.171021377672209,27.339667458432302,2.0570071258907365,2026-07-01,2026-06-01,7,ALTA,0.9782643826382987,0.0012435215834372244,0.020492095778264295,0.9782643826382987
815,483.0,138.0,138.0,128.0,73.0,2.0,3.0,68.0,13616.0,992.0,41.80525886362042,-87.73120379981046,80.5,0.2857142857142857,0.2857142857142857,0.2650103519668737,0.15113871635610765,0.004140786749482402,0.006211180124223602,0.14078674948240166,28.19047619047619,2.0538302277432714,2026-07-01,2026-06-01,7,ALTA,0.977896715146818,0.001342288357578167,0.020760996495603916,0.977896715146818
122,420.0,118.0,101.0,114.0,57.0,4.0,2.0,59.0,12240.0,836.0,41.88188118164448,-87.63420778422329,70.0,0.28095238095238095,0.24047619047619048,0.2714285714285714,0.1357142857142857,0.009523809523809525,0.004761904761904762,0.14047619047619048,29.142857142857142,1.9904761904761905,2026-07-01,2026-06-01,7,ALTA,0.9774151661410457,0.002261859115412091,0.02032297474354285,0.9774151661410457
2533,392.0,124.0,121.0,114.0,50.0,5.0,7.0,44.0,10580.0,808.0,41.91006383366588,-87.74576355961102,65.33333333333333,0.3163265306122449,0.3086734693877551,0.29081632653061223,0.12755102040816327,0.012755102040816327,0.017857142857142856,0.11224489795918367,26.989795918367346,2.061224489795918,2026-07-01,2026-06-01,7,ALTA,0.9712428877729681,0.0009395444771393443,0.027817567749893087,0.9712428877729681
2512,433.0,136.0,115.0,116.0,62.0,5.0,2.0,50.0,11585.0,893.0,41.92453688742229,-87.79037929181175,72.16666666666667,0.3140877598152425,0.26558891454965355,0.2678983833718245,0.14318706697459585,0.011547344110854504,0.004618937644341801,0.11547344110854503,26.755196304849886,2.0623556581986144,2026-07-01,2026-06-01,7,ALTA,0.9700056780906745,0.002013675520569836,0.02798064638875609,0.9700056780906745
834,401.0,114.0,110.0,102.0,75.0,7.0,5.0,69.0,11320.0,813.0,41.74327562044303,-87.7218631538245,66.83333333333333,0.28428927680798005,0.2743142144638404,0.2543640897755611,0.18703241895261846,0.017456359102244388,0.012468827930174564,0.17206982543640897,28.22942643391521,2.027431421446384,2026-07-01,2026-06-01,7,ALTA,0.9659261671272642,0.0019821082249405968,0.03209172464779611,0.9659261671272642
1432,359.0,109.0,93.0,100.0,76.0,5.0,6.0,61.0,10080.0,723.0,41.924341367622816,-87.68013670925247,59.833333333333336,0.30362116991643456,0.2590529247910863,0.2785515320334262,0.2116991643454039,0.013927576601671309,0.016713091922005572,0.16991643454038996,28.077994428969358,2.013927576601671,2026-07-01,2026-06-01,7,ALTA,0.9424141799228931,0.004436817676355584,0.05314900240075135,0.9424141799228931
1712,370.0,116.0,97.0,101.0,75.0,1.0,1.0,71.0,10055.0,738.0,41.97305543566037,-87.72635954386446,61.666666666666664,0.31351351351351353,0.26216216216216215,0.27297297297297296,0.20270270270270271,0.002702702702702703,0.002702702702702703,0.1918918918918919,27.175675675675677,1.9945945945945946,2026-07-01,2026-06-01,7,ALTA,0.9360597240980482,0.004209686873321543,0.05973058902863115,0.9360597240980482
833,367.0,124.0,99.0,103.0,65.0,11.0,5.0,58.0,10490.0,754.0,41.76491515379687,-87.72801503357955,61.166666666666664,0.33787465940054495,0.26975476839237056,0.28065395095367845,0.1771117166212534,0.02997275204359673,0.013623978201634877,0.15803814713896458,28.583106267029972,2.0544959128065394,2026-07-01,2026-06-01,7,ALTA,0.9339377519384264,0.004450900679012586,0.06161134738256139,0.9339377519384264
821,338.0,98.0,91.0,85.0,49.0,4.0,3.0,42.0,9475.0,686.0,41.80975951957358,-87.71374169222634,56.333333333333336,0.28994082840236685,0.2692307692307692,0.2514792899408284,0.14497041420118342,0.011834319526627219,0.008875739644970414,0.1242603550295858,28.032544378698226,2.029585798816568,2026-07-01,2026-06-01,7,ALTA,0.9307691551014047,0.0019707586623377033,0.06726008623625802,0.9307691551014047
1622,352.0,100.0,81.0,91.0,62.0,1.0,3.0,61.0,10250.0,730.0,41.97477308050281,-87.77730162116488,58.666666666666664,0.2840909090909091,0.23011363636363635,0.2585227272727273,0.17613636363636365,0.002840909090909091,0.008522727272727272,0.17329545454545456,29.119318181818183,2.0738636363636362,2026-07-01,2026-06-01,7,ALTA,0.9184490707898576,0.004027401767413288,0.07752352744272945,0.9184490707898576
1231,350.0,60.0,44.0,62.0,63.0,3.0,8.0,61.0,9935.0,703.0,41.87294546907366,-87.66659150190958,58.333333333333336,0.17142857142857143,0.12571428571428572,0.17714285714285713,0.18,0.008571428571428572,0.022857142857142857,0.1742857142857143,28.385714285714286,2.0085714285714285,2026-07-01,2026-06-01,7,ALTA,0.9162189490848417,0.009769878360840931,0.0740111725543183,0.9162189490848417
912,349.0,91.0,98.0,84.0,64.0,18.0,9.0,65.0,9920.0,719.0,41.83202493557864,-87.67223659790075,58.166666666666664,0.2607449856733524,0.2808022922636103,0.24068767908309455,0.1833810888252149,0.05157593123209169,0.025787965616045846,0.18624641833810887,28.42406876790831,2.0601719197707737,2026-07-01,2026-06-01,7,ALTA,0.9044684240571382,0.004315749276141507,0.09121582666672026,0.9044684240571382
1623,398.0,101.0,65.0,84.0,57.0,0.0,3.0,54.0,11586.0,795.0,41.96939907696864,-87.75838328376904,66.33333333333333,0.2537688442211055,0.16331658291457288,0.21105527638190955,0.14321608040201006,0.0,0.007537688442211055,0.135678391959799,29.110552763819097,1.9974874371859297,2026-07-01,2026-06-01,7,ALTA,0.9033702145058443,0.01073421339944989,0.08589557209470577,0.9033702145058443
1224,338.0,142.0,113.0,117.0,64.0,3.0,7.0,51.0,9695.0,685.0,41.88291107408244,-87.65707500664469,56.333333333333336,0.42011834319526625,0.3343195266272189,0.34615384615384615,0.1893491124260355,0.008875739644970414,0.020710059171597635,0.15088757396449703,28.683431952662723,2.026627218934911,2026-07-01,2026-06-01,7,ALTA,0.8947257112314003,0.00636105125914446,0.0989132375094549,0.8947257112314003
914,352.0,121.0,110.0,105.0,48.0,16.0,2.0,51.0,9620.0,713.0,41.84867079605809,-87.63636140832449,58.666666666666664,0.34375,0.3125,0.29829545454545453,0.13636363636363635,0.045454545454545456,0.005681818181818182,0.14488636363636365,27.329545454545453,2.0255681818181817,2026-07-01,2026-06-01,7,ALTA,0.8906698427984959,0.003760879555710325,0.10556927764579424,0.8906698427984959
123,328.0,110.0,100.0,93.0,43.0,4.0,5.0,38.0,9036.0,656.0,41.87224646822898,-87.62839470662118,54.666666666666664,0.3353658536585366,0.3048780487804878,0.28353658536585363,0.13109756097560976,0.012195121951219513,0.01524390243902439,0.11585365853658537,27.548780487804876,2.0,2026-07-01,2026-06-01,7,ALTA,0.8741675524424528,0.00474584262220072,0.12108660493534619,0.8741675524424528
1034,332.0,77.0,63.0,73.0,69.0,9.0,5.0,53.0,9180.0,650.0,41.84730398632359,-87.68295798416978,55.333333333333336,0.2319277108433735,0.1897590361445783,0.21987951807228914,0.20783132530120482,0.02710843373493976,0.015060240963855422,0.15963855421686746,27.650602409638555,1.9578313253012047,2026-07-01,2026-06-01,7,ALTA,0.863319728355933,0.01244064363803106,0.1242396280060357,0.863319728355933
1214,320.0,114.0,105.0,93.0,60.0,5.0,3.0,52.0,9256.0,648.0,41.88993686266137,-87.64891411066161,53.333333333333336,0.35625,0.328125,0.290625,0.1875,0.015625,0.009375,0.1625,28.925,2.025,2026-07-01,2026-06-01,7,ALTA,0.8614664278184995,0.0074456005107336335,0.13108797167076675,0.8614664278184995
132,324.0,111.0,113.0,106.0,57.0,4.0,1.0,54.0,10265.0,657.0,41.85975440335546,-87.61926837256108,54.0,0.3425925925925926,0.3487654320987654,0.3271604938271605,0.17592592592592593,0.012345679012345678,0.0030864197530864196,0.16666666666666666,31.682098765432098,2.0277777777777777,2026-07-01,2026-06-01,7,ALTA,0.8595627260627864,0.02015180616739979,0.12028546776981376,0.8595627260627864
1722,345.0,81.0,75.0,77.0,53.0,4.0,0.0,53.0,9560.0,703.0,41.96047600815581,-87.73638061200552,57.5,0.23478260869565218,0.21739130434782608,0.22318840579710145,0.1536231884057971,0.011594202898550725,0.0,0.1536231884057971,27.71014492753623,2.03768115942029,2026-07-01,2026-06-01,7,ALTA,0.8551425977995429,0.0025214940638691374,0.14233590813658828,0.8551425977995429
623,300.0,110.0,91.0,106.0,57.0,4.0,7.0,49.0,8655.0,608.0,41.75379932513848,-87.62421275468634,50.0,0.36666666666666664,0.30333333333333334,0.35333333333333333,0.19,0.013333333333333334,0.023333333333333334,0.16333333333333333,28.85,2.026666666666667,2026-07-01,2026-06-01,7,ALTA,0.8502722068740813,0.010552499874320404,0.13917529325159853,0.8502722068740813
2411,329.0,98.0,89.0,82.0,50.0,1.0,2.0,47.0,9252.0,688.0,42.01229809235329,-87.6936352541627,54.833333333333336,0.2978723404255319,0.270516717325228,0.24924012158054712,0.1519756838905775,0.00303951367781155,0.0060790273556231,0.14285714285714285,28.121580547112462,2.0911854103343464,2026-07-01,2026-06-01,7,ALTA,0.8273212196584678,0.006578717857734505,0.16610006248379727,0.8273212196584678
1732,304.0,87.0,77.0,79.0,54.0,2.0,2.0,51.0,8525.0,619.0,41.946656032160085,-87.72052658981656,50.666666666666664,0.28618421052631576,0.2532894736842105,0.2598684210526316,0.17763157894736842,0.006578947368421052,0.006578947368421052,0.16776315789473684,28.042763157894736,2.036184210526316,2026-07-01,2026-06-01,7,ALTA,0.8185335383093716,0.010293369176509842,0.1711730925141187,0.8185335383093716
922,287.0,106.0,75.0,93.0,63.0,11.0,3.0,55.0,8230.0,597.0,41.81050331522605,-87.69240563982113,47.833333333333336,0.3693379790940767,0.2613240418118467,0.3240418118466899,0.21951219512195122,0.03832752613240418,0.010452961672473868,0.1916376306620209,28.67595818815331,2.0801393728222997,2026-07-01,2026-06-01,7,ALTA,0.8184298184654697,0.011261150479511898,0.1703090310550178,0.8184298184654697
2211,310.0,77.0,75.0,80.0,58.0,5.0,6.0,47.0,8605.0,615.0,41.69719319575356,-87.70540088848276,51.666666666666664,0.24838709677419354,0.24193548387096775,0.25806451612903225,0.1870967741935484,0.016129032258064516,0.01935483870967742,0.15161290322580645,27.758064516129032,1.9838709677419355,2026-07-01,2026-06-01,7,ALTA,0.8180272530509533,0.009237127889960919,0.1727356190590854,0.8180272530509533
811,326.0,106.0,73.0,82.0,63.0,2.0,8.0,46.0,9255.0,670.0,41.79263025657462,-87.78269830926881,54.333333333333336,0.32515337423312884,0.22392638036809817,0.25153374233128833,0.19325153374233128,0.006134969325153374,0.024539877300613498,0.1411042944785276,28.38957055214724,2.0552147239263805,2026-07-01,2026-06-01,7,ALTA,0.8121876314755716,0.00726081311946216,0.18055155540496617,0.8121876314755716
2212,297.0,90.0,72.0,87.0,72.0,2.0,0.0,60.0,8245.0,592.0,41.693496833348014,-87.67456217756381,49.5,0.30303030303030304,0.24242424242424243,0.29292929292929293,0.24242424242424243,0.006734006734006734,0.0,0.20202020202020202,27.76094276094276,1.9932659932659933,2026-07-01,2026-06-01,7,ALTA,0.8116889302207714,0.015221716067117468,0.17308935371211093,0.8116889302207714
331,305.0,117.0,81.0,105.0,53.0,7.0,3.0,43.0,9450.0,625.0,41.77909397793346,-87.57669388466665,50.833333333333336,0.3836065573770492,0.26557377049180325,0.3442622950819672,0.1737704918032787,0.022950819672131147,0.009836065573770493,0.14098360655737704,30.983606557377048,2.0491803278688523,2026-07-01,2026-06-01,7,ALTA,0.8102710542386737,0.013597330611194058,0.17613161515013187,0.8102710542386737
1832,292.0,133.0,101.0,115.0,40.0,4.0,4.0,42.0,8490.0,591.0,41.894967224627926,-87.63115579111825,48.666666666666664,0.4554794520547945,0.3458904109589041,0.3938356164383562,0.136986301369863,0.0136986301369863,0.0136986301369863,0.14383561643835616,29.075342465753426,2.0239726027397262,2026-07-01,2026-06-01,7,ALTA,0.8095904796233029,0.012454798728787969,0.17795472164790893,0.8095904796233029
1733,313.0,89.0,80.0,79.0,53.0,2.0,0.0,69.0,8735.0,641.0,41.9458453633837,-87.70599305438331,52.166666666666664,0.28434504792332266,0.25559105431309903,0.2523961661341853,0.16932907348242812,0.006389776357827476,0.0,0.22044728434504793,27.9073482428115,2.047923322683706,2026-07-01,2026-06-01,7,ALTA,0.7929395216424542,0.009199315473658678,0.1978611628838872,0.7929395216424542
1232,296.0,98.0,64.0,82.0,53.0,2.0,4.0,46.0,8560.0,601.0,41.872047862644166,-87.64930129652852,49.333333333333336,0.3310810810810811,0.21621621621621623,0.27702702702702703,0.17905405405405406,0.006756756756756757,0.013513513513513514,0.1554054054054054,28.91891891891892,2.0304054054054053,2026-07-01,2026-06-01,7,ALTA,0.7805007046725482,0.01122695345375655,0.20827234187369556,0.7805007046725482
1824,281.0,115.0,90.0,96.0,59.0,3.0,2.0,46.0,8810.0,550.0,41.90337047706681,-87.6261690693171,46.833333333333336,0.4092526690391459,0.3202846975088968,0.3416370106761566,0.2099644128113879,0.010676156583629894,0.0071174377224199285,0.16370106761565836,31.352313167259787,1.9572953736654803,2026-07-01,2026-06-01,7,ALTA,0.7731662866400726,0.023723752146707532,0.20310996121322014,0.7731662866400726
2521,322.0,106.0,107.0,90.0,56.0,2.0,5.0,45.0,8805.0,676.0,41.93115629376162,-87.74775027335058,53.666666666666664,0.32919254658385094,0.33229813664596275,0.2795031055900621,0.17391304347826086,0.006211180124223602,0.015527950310559006,0.13975155279503104,27.34472049689441,2.099378881987578,2026-07-01,2026-06-01,7,ALTA,0.77156244401807,0.004999888122225326,0.2234376678597046,0.77156244401807
131,286.0,97.0,95.0,84.0,41.0,2.0,1.0,34.0,8000.0,579.0,41.858536936816144,-87.62683900328753,47.666666666666664,0.33916083916083917,0.3321678321678322,0.2937062937062937,0.14335664335664336,0.006993006993006993,0.0034965034965034965,0.11888111888111888,27.972027972027973,2.0244755244755246,2026-07-01,2026-06-01,7,ALTA,0.7714184292571834,0.01205944715715522,0.21652212358566175,0.7714184292571834
1031,291.0,95.0,84.0,85.0,50.0,4.0,4.0,46.0,8120.0,613.0,41.83717527621853,-87.72761682835517,48.5,0.32646048109965636,0.28865979381443296,0.2920962199312715,0.1718213058419244,0.013745704467353952,0.013745704467353952,0.15807560137457044,27.903780068728523,2.106529209621993,2026-07-01,2026-06-01,7,ALTA,0.7709652939109278,0.009584171397825813,0.2194505346912465,0.7709652939109278
1833,299.0,115.0,76.0,101.0,49.0,0.0,0.0,52.0,9321.0,594.0,41.89816568973086,-87.62178633569964,49.833333333333336,0.38461538461538464,0.25418060200668896,0.3377926421404682,0.16387959866220736,0.0,0.0,0.17391304347826086,31.17391304347826,1.9866220735785953,2026-07-01,2026-06-01,7,ALTA,0.7683181693618029,0.042411495032735995,0.18927033560546103,0.7683181693618029
824,300.0,89.0,76.0,81.0,56.0,1.0,4.0,45.0,8595.0,615.0,41.78917296603741,-87.69239565687896,50.0,0.2966666666666667,0.25333333333333335,0.27,0.18666666666666668,0.0033333333333333335,0.013333333333333334,0.15,28.65,2.05,2026-07-01,2026-06-01,7,ALTA,0.7622788883401695,0.011123262158704104,0.2265978495011266,0.7622788883401695
632,305.0,90.0,88.0,76.0,49.0,4.0,3.0,41.0,8700.0,622.0,41.73828508876189,-87.6130108661474,50.833333333333336,0.29508196721311475,0.28852459016393445,0.24918032786885247,0.16065573770491803,0.013114754098360656,0.009836065573770493,0.13442622950819672,28.524590163934427,2.039344262295082,2026-07-01,2026-06-01,7,ALTA,0.7561106995671791,0.007107884646012547,0.2367814157868086,0.7561106995671791
1433,286.0,97.0,70.0,82.0,46.0,3.0,1.0,51.0,8320.0,581.0,41.90997894684556,-87.66547356300649,47.666666666666664,0.33916083916083917,0.24475524475524477,0.2867132867132867,0.16083916083916083,0.01048951048951049,0.0034965034965034965,0.17832167832167833,29.09090909090909,2.0314685314685317,2026-07-01,2026-06-01,7,ALTA,0.7455146842580405,0.014339308817012807,0.24014600692494695,0.7455146842580405
1723,287.0,102.0,76.0,86.0,62.0,4.0,0.0,44.0,8085.0,612.0,41.960968500709946,-87.72103468240796,47.833333333333336,0.3554006968641115,0.26480836236933797,0.29965156794425085,0.21602787456445993,0.013937282229965157,0.0,0.15331010452961671,28.170731707317074,2.132404181184669,2026-07-01,2026-06-01,7,ALTA,0.7416918287884293,0.01711082386782233,0.24119734734374765,0.7416918287884293
822,321.0,115.0,90.0,98.0,55.0,2.0,2.0,47.0,8955.0,682.0,41.79251311352548,-87.71212832870873,53.5,0.3582554517133956,0.2803738317757009,0.3052959501557632,0.17133956386292834,0.006230529595015576,0.006230529595015576,0.14641744548286603,27.897196261682243,2.1246105919003115,2026-07-01,2026-06-01,7,ALTA,0.728055057787756,0.010354403041431447,0.2615905391708122,0.728055057787756
911,317.0,89.0,67.0,89.0,75.0,25.0,7.0,60.0,9238.0,649.0,41.82773980083281,-87.69320345247087,52.833333333333336,0.2807570977917981,0.2113564668769716,0.2807570977917981,0.23659305993690852,0.07886435331230283,0.022082018927444796,0.1892744479495268,29.141955835962143,2.047318611987382,2026-07-01,2026-06-01,7,ALTA,0.7173084394099932,0.009337971412110046,0.27335358917789726,0.7173084394099932
412,253.0,104.0,81.0,90.0,44.0,5.0,8.0,49.0,7365.0,499.0,41.73892407016685,-87.58247360048306,42.166666666666664,0.41106719367588934,0.3201581027667984,0.3557312252964427,0.17391304347826086,0.019762845849802372,0.03162055335968379,0.19367588932806323,29.110671936758894,1.9723320158102766,2026-07-01,2026-06-01,7,ALTA,0.7063326030635253,0.03661493073408936,0.25705246620238503,0.7063326030635253
823,302.0,94.0,91.0,69.0,43.0,1.0,3.0,45.0,8460.0,631.0,41.77958969562505,-87.70656814277318,50.333333333333336,0.31125827814569534,0.30132450331125826,0.22847682119205298,0.1423841059602649,0.0033112582781456954,0.009933774834437087,0.1490066225165563,28.013245033112582,2.089403973509934,2026-07-01,2026-06-01,7,ALTA,0.702342506500534,0.007497123985538789,0.29016036951392704,0.702342506500534
2223,266.0,95.0,80.0,82.0,50.0,8.0,9.0,42.0,7675.0,530.0,41.72369304605801,-87.64275440675684,44.333333333333336,0.35714285714285715,0.3007518796992481,0.3082706766917293,0.18796992481203006,0.03007518796992481,0.03383458646616541,0.15789473684210525,28.853383458646615,1.9924812030075187,2026-07-01,2026-06-01,7,ALTA,0.6597726341779329,0.02336236138073535,0.31686500444133153,0.6597726341779329
411,280.0,101.0,77.0,92.0,45.0,1.0,11.0,40.0,8070.0,549.0,41.75244173305061,-87.58761884222501,46.666666666666664,0.3607142857142857,0.275,0.32857142857142857,0.16071428571428573,0.0035714285714285713,0.039285714285714285,0.14285714285714285,28.821428571428573,1.9607142857142856,2026-07-01,2026-06-01,7,ALTA,0.6542835105610074,0.03438346049174062,0.3113330289472523,0.6542835105610074
835,284.0,66.0,65.0,70.0,55.0,4.0,2.0,51.0,8140.0,580.0,41.7494978536646,-87.69286343831268,47.333333333333336,0.2323943661971831,0.22887323943661972,0.24647887323943662,0.1936619718309859,0.014084507042253521,0.007042253521126761,0.1795774647887324,28.661971830985916,2.0422535211267605,2026-07-01,2026-06-01,7,ALTA,0.6467433866913,0.02513762610883061,0.3281189871998686,0.6467433866913
1925,263.0,95.0,80.0,81.0,45.0,3.0,2.0,37.0,7955.0,525.0,41.945839177971,-87.64395477328233,43.833333333333336,0.3612167300380228,0.3041825095057034,0.30798479087452474,0.17110266159695817,0.011406844106463879,0.0076045627376425855,0.14068441064638784,30.247148288973385,1.9961977186311788,2026-07-01,2026-06-01,7,ALTA,0.6397600625121715,0.024501426963278262,0.33573851052454984,0.6397600625121715
2515,283.0,99.0,86.0,90.0,38.0,4.0,4.0,36.0,7865.0,588.0,41.92207261689573,-87.76494833248486,47.166666666666664,0.3498233215547703,0.303886925795053,0.31802120141342755,0.13427561837455831,0.014134275618374558,0.014134275618374558,0.127208480565371,27.791519434628974,2.07773851590106,2026-07-01,2026-06-01,7,ALTA,0.6315923883918881,0.020982973338747747,0.3474246382693639,0.6315923883918881
1235,272.0,90.0,70.0,71.0,56.0,3.0,4.0,47.0,8068.0,554.0,41.85548889790266,-87.64934339069232,45.333333333333336,0.33088235294117646,0.25735294117647056,0.2610294117647059,0.20588235294117646,0.011029411764705883,0.014705882352941176,0.17279411764705882,29.66176470588235,2.036764705882353,2026-07-01,2026-06-01,7,ALTA,0.5753076437899316,0.02377115291855144,0.4009212032915174,0.5753076437899316
1533,247.0,103.0,58.0,101.0,50.0,5.0,3.0,39.0,7035.0,520.0,41.87533096921368,-87.74835974276085,41.166666666666664,0.41700404858299595,0.23481781376518218,0.4089068825910931,0.20242914979757085,0.020242914979757085,0.012145748987854251,0.15789473684210525,28.481781376518217,2.1052631578947367,2026-07-01,2026-06-01,7,ALTA,0.551061007587768,0.032753452942637956,0.41618553946959397,0.551061007587768
1935,245.0,78.0,77.0,75.0,41.0,4.0,8.0,39.0,6975.0,501.0,41.92884314286885,-87.64228482544051,40.833333333333336,0.3183673469387755,0.3142857142857143,0.30612244897959184,0.1673469387755102,0.0163265306122449,0.0326530612244898,0.15918367346938775,28.46938775510204,2.0448979591836736,2026-07-01,2026-06-01,7,ALTA,0.5460057527347394,0.03815991378225735,0.41583433348300314,0.5460057527347394
1633,248.0,88.0,67.0,86.0,42.0,2.0,3.0,39.0,7050.0,510.0,41.94527552194489,-87.77294042427029,41.333333333333336,0.3548387096774194,0.2701612903225806,0.3467741935483871,0.1693548387096774,0.008064516129032258,0.012096774193548387,0.15725806451612903,28.427419354838708,2.056451612903226,2026-07-01,2026-06-01,7,ALTA,0.5338300159060934,0.03166345965115352,0.4345065244427532,0.5338300159060934
511,265.0,96.0,59.0,89.0,44.0,2.0,0.0,38.0,7515.0,526.0,41.715773417051615,-87.61184138753725,44.166666666666664,0.3622641509433962,0.22264150943396227,0.33584905660377357,0.1660377358490566,0.007547169811320755,0.0,0.14339622641509434,28.358490566037737,1.9849056603773585,2026-07-01,2026-06-01,7,ALTA,0.5267672204661124,0.04656607267374335,0.4266667068601443,0.5267672204661124
2412,256.0,83.0,61.0,66.0,37.0,3.0,6.0,30.0,7060.0,536.0,41.99945699123775,-87.692878117347,42.666666666666664,0.32421875,0.23828125,0.2578125,0.14453125,0.01171875,0.0234375,0.1171875,27.578125,2.09375,2026-07-01,2026-06-01,7,ALTA,0.5049646359038948,0.029850524964526094,0.4651848391315792,0.5049646359038948
2534,246.0,75.0,81.0,69.0,52.0,1.0,7.0,36.0,6850.0,522.0,41.90920215583627,-87.73094116909466,41.0,0.3048780487804878,0.32926829268292684,0.2804878048780488,0.21138211382113822,0.0040650406504065045,0.028455284552845527,0.14634146341463414,27.84552845528455,2.1219512195121952,2026-07-01,2026-06-01,7,ALTA,0.5032096051697109,0.02298775443714076,0.47380264039314796,0.5032096051697109
924,273.0,62.0,53.0,59.0,49.0,8.0,5.0,37.0,7390.0,556.0,41.81395984796743,-87.66895817022764,45.5,0.2271062271062271,0.19413919413919414,0.21611721611721613,0.1794871794871795,0.029304029304029304,0.018315018315018316,0.13553113553113552,27.06959706959707,2.0366300366300365,2026-07-01,2026-06-01,7,ALTA,0.4903699532216291,0.022550568058320817,0.48707947872005,0.4903699532216291
624,230.0,87.0,76.0,76.0,42.0,7.0,8.0,29.0,6680.0,469.0,41.75394356121183,-87.60646089374288,38.333333333333336,0.3782608695652174,0.33043478260869563,0.33043478260869563,0.1826086956521739,0.030434782608695653,0.034782608695652174,0.12608695652173912,29.043478260869566,2.0391304347826087,2026-07-01,2026-06-01,7,ALTA,0.468606386475516,0.06438109526384145,0.4670125182606428,0.468606386475516
524,142.0,60.0,40.0,47.0,30.0,3.0,0.0,27.0,3950.0,276.0,41.67940997640941,-87.64676878535299,23.666666666666668,0.4225352112676056,0.28169014084507044,0.33098591549295775,0.2112676056338028,0.02112676056338028,0.0,0.19014084507042253,27.816901408450704,1.943661971830986,2026-07-01,2026-06-01,7,BAIXA,0.07579895851677655,0.47910053709326766,0.44510050438995563,0.47910053709326766
213,144.0,45.0,35.0,38.0,35.0,6.0,1.0,31.0,4160.0,294.0,41.82310181522168,-87.6242401221292,24.0,0.3125,0.24305555555555555,0.2638888888888889,0.24305555555555555,0.041666666666666664,0.006944444444444444,0.2152777777777778,28.88888888888889,2.0416666666666665,2026-07-01,2026-06-01,7,BAIXA,0.06716968493947317,0.47182690253977483,0.46100341252075167,0.47182690253977483
233,137.0,37.0,34.0,33.0,34.0,2.0,4.0,28.0,3975.0,277.0,41.79559520606119,-87.60631760963102,22.833333333333332,0.27007299270072993,0.24817518248175183,0.24087591240875914,0.24817518248175183,0.014598540145985401,0.029197080291970802,0.20437956204379562,29.014598540145986,2.021897810218978,2026-07-01,2026-06-01,7,BAIXA,0.06442367543037844,0.52500944147862,0.4105668830910013,0.52500944147862
1123,126.0,53.0,34.0,47.0,22.0,2.0,0.0,16.0,3675.0,256.0,41.88363177797442,-87.71120614420838,21.0,0.42063492063492064,0.2698412698412698,0.373015873015873,0.1746031746031746,0.015873015873015872,0.0,0.12698412698412698,29.166666666666668,2.0317460317460316,2026-07-01,2026-06-01,7,BAIXA,0.057031962894101465,0.6655563902133202,0.27741164689257775,0.6655563902133202
2524,149.0,46.0,36.0,42.0,28.0,2.0,0.0,18.0,4205.0,310.0,41.92740887266628,-87.7279388120494,24.833333333333332,0.3087248322147651,0.24161073825503357,0.28187919463087246,0.18791946308724833,0.013422818791946308,0.0,0.12080536912751678,28.221476510067113,2.0805369127516777,2026-07-01,2026-06-01,7,BAIXA,0.054050248107240836,0.5716427939550727,0.3743069579376863,0.5716427939550727
224,153.0,62.0,49.0,49.0,27.0,2.0,6.0,25.0,4570.0,322.0,41.807019025604085,-87.62288056601452,25.5,0.40522875816993464,0.3202614379084967,0.3202614379084967,0.17647058823529413,0.013071895424836602,0.0392156862745098,0.16339869281045752,29.869281045751634,2.104575163398693,2026-07-01,2026-06-01,7,BAIXA,0.04876248634326135,0.5260693509173322,0.4251681627394062,0.5260693509173322
532,131.0,49.0,37.0,45.0,26.0,1.0,0.0,19.0,3780.0,254.0,41.67352848891744,-87.61470453094141,21.833333333333332,0.37404580152671757,0.2824427480916031,0.3435114503816794,0.1984732824427481,0.007633587786259542,0.0,0.1450381679389313,28.85496183206107,1.9389312977099236,2026-07-01,2026-06-01,7,BAIXA,0.04851135032133206,0.6179504873820711,0.33353816229659694,0.6179504873820711
513,138.0,49.0,30.0,33.0,29.0,8.0,0.0,21.0,3645.0,273.0,41.6957670435017,-87.61328341402742,23.0,0.35507246376811596,0.21739130434782608,0.2391304347826087,0.21014492753623187,0.057971014492753624,0.0,0.15217391304347827,26.41304347826087,1.9782608695652173,2026-07-01,2026-06-01,7,BAIXA,0.04531828507203256,0.568115705345286,0.38656600958268156,0.568115705345286
711,151.0,37.0,30.0,33.0,26.0,5.0,1.0,24.0,4375.0,307.0,41.78701366693476,-87.63723404472593,25.166666666666668,0.24503311258278146,0.1986754966887417,0.2185430463576159,0.17218543046357615,0.033112582781456956,0.006622516556291391,0.15894039735099338,28.973509933774835,2.033112582781457,2026-07-01,2026-06-01,7,BAIXA,0.04476030129998106,0.5347994627642911,0.4204402359357273,0.5347994627642911
211,138.0,51.0,43.0,47.0,27.0,4.0,2.0,32.0,4088.0,272.0,41.83491721160544,-87.61797599369292,23.0,0.3695652173913043,0.3115942028985507,0.34057971014492755,0.1956521739130435,0.028985507246376812,0.014492753623188406,0.2318840579710145,29.6231884057971,1.9710144927536233,2026-07-01,2026-06-01,7,BAIXA,0.04469268630162564,0.485761678678878,0.4695456350194964,0.485761678678878
2532,146.0,64.0,45.0,58.0,25.0,1.0,3.0,19.0,3955.0,305.0,41.90799001229426,-87.76063133995055,24.333333333333332,0.4383561643835616,0.3082191780821918,0.3972602739726027,0.17123287671232876,0.00684931506849315,0.02054794520547945,0.13013698630136986,27.089041095890412,2.089041095890411,2026-07-01,2026-06-01,7,BAIXA,0.04248492808178888,0.6284323818275823,0.3290826900906292,0.6284323818275823
2032,127.0,35.0,29.0,28.0,29.0,2.0,1.0,24.0,3545.0,255.0,41.97193903208069,-87.67344700019481,21.166666666666668,0.2755905511811024,0.2283464566929134,0.2204724409448819,0.2283464566929134,0.015748031496062992,0.007874015748031496,0.1889763779527559,27.913385826771652,2.0078740157480315,2026-07-01,2026-06-01,7,BAIXA,0.041730086389243574,0.5458949223648372,0.41237499124591914,0.5458949223648372
735,142.0,42.0,38.0,45.0,25.0,3.0,1.0,22.0,4025.0,291.0,41.76454614149255,-87.66853775931891,23.666666666666668,0.29577464788732394,0.2676056338028169,0.31690140845070425,0.176056338028169,0.02112676056338028,0.007042253521126761,0.15492957746478872,28.345070422535212,2.0492957746478875,2026-07-01,2026-06-01,7,BAIXA,0.037170139101388264,0.51999761847493,0.4428322424236815,0.51999761847493
2013,143.0,45.0,45.0,39.0,26.0,1.0,1.0,25.0,4115.0,292.0,41.98452578940281,-87.6638163646666,23.833333333333332,0.3146853146853147,0.3146853146853147,0.2727272727272727,0.18181818181818182,0.006993006993006993,0.006993006993006993,0.17482517482517482,28.776223776223777,2.041958041958042,2026-07-01,2026-06-01,7,BAIXA,0.03605082630528747,0.528222040553318,0.43572713314139405,0.528222040553318
1024,140.0,46.0,41.0,36.0,28.0,2.0,3.0,23.0,3800.0,288.0,41.84944143041834,-87.70979612299514,23.333333333333332,0.32857142857142857,0.29285714285714287,0.2571428571428571,0.2,0.014285714285714285,0.02142857142857143,0.16428571428571428,27.142857142857142,2.057142857142857,2026-07-01,2026-06-01,7,BAIXA,0.03522198859843399,0.5637825241216511,0.4009954872799146,0.5637825241216511
631,134.0,50.0,38.0,44.0,26.0,3.0,0.0,18.0,3645.0,278.0,41.74600986605176,-87.60869150325111,22.333333333333332,0.373134328358209,0.2835820895522388,0.3283582089552239,0.19402985074626866,0.022388059701492536,0.0,0.13432835820895522,27.20149253731343,2.074626865671642,2026-07-01,2026-06-01,7,BAIXA,0.033352035334320795,0.6475077219992096,0.31914024266647,0.6475077219992096
1423,124.0,36.0,32.0,30.0,25.0,4.0,3.0,21.0,3470.0,252.0,41.9065812224616,-87.69511117898219,20.666666666666668,0.2903225806451613,0.25806451612903225,0.24193548387096775,0.20161290322580644,0.03225806451612903,0.024193548387096774,0.1693548387096774,27.983870967741936,2.032258064516129,2026-07-01,2026-06-01,7,BAIXA,0.028085674827095033,0.6721337818435232,0.29978054332938164,0.6721337818435232
1915,143.0,50.0,38.0,44.0,24.0,2.0,1.0,22.0,4085.0,281.0,41.957812046587975,-87.65038535668202,23.833333333333332,0.34965034965034963,0.26573426573426573,0.3076923076923077,0.16783216783216784,0.013986013986013986,0.006993006993006993,0.15384615384615385,28.566433566433567,1.965034965034965,2026-07-01,2026-06-01,7,BAIXA,0.027437773862865455,0.5295924935395488,0.4429697325975857,0.5295924935395488
1914,155.0,47.0,50.0,47.0,21.0,1.0,1.0,25.0,4430.0,328.0,41.96532558825709,-87.65125332314463,25.833333333333332,0.3032258064516129,0.3225806451612903,0.3032258064516129,0.13548387096774195,0.0064516129032258064,0.0064516129032258064,0.16129032258064516,28.580645161290324,2.1161290322580646,2026-07-01,2026-06-01,7,BAIXA,0.027170793504923244,0.6096966596686655,0.36313254682641116,0.6096966596686655
1431,129.0,37.0,35.0,34.0,24.0,1.0,1.0,22.0,3675.0,266.0,41.92285981117167,-87.69179213711786,21.5,0.2868217054263566,0.2713178294573643,0.26356589147286824,0.18604651162790697,0.007751937984496124,0.007751937984496124,0.17054263565891473,28.488372093023255,2.062015503875969,2026-07-01,2026-06-01,7,BAIXA,0.02667038066645317,0.607477392551064,0.3658522267824827,0.607477392551064
421,116.0,37.0,28.0,37.0,28.0,1.0,3.0,22.0,3276.0,234.0,41.75582654623611,-87.55898993871861,19.333333333333332,0.31896551724137934,0.2413793103448276,0.31896551724137934,0.2413793103448276,0.008620689655172414,0.02586206896551724,0.1896551724137931,28.24137931034483,2.0172413793103448,2026-07-01,2026-06-01,7,BAIXA,0.02636935949582081,0.7875726325916166,0.18605800791256283,0.7875726325916166
533,112.0,49.0,37.0,45.0,32.0,4.0,2.0,21.0,3195.0,237.0,41.65619326541127,-87.60846233691095,18.666666666666668,0.4375,0.33035714285714285,0.4017857142857143,0.2857142857142857,0.03571428571428571,0.017857142857142856,0.1875,28.526785714285715,2.1160714285714284,2026-07-01,2026-06-01,7,BAIXA,0.025168372650356898,0.7774872020152209,0.19734442533442256,0.7774872020152209
1023,154.0,40.0,29.0,40.0,23.0,2.0,5.0,24.0,4100.0,309.0,41.85869552719768,-87.69085833162998,25.666666666666668,0.2597402597402597,0.18831168831168832,0.2597402597402597,0.14935064935064934,0.012987012987012988,0.032467532467532464,0.15584415584415584,26.623376623376622,2.0064935064935066,2026-07-01,2026-06-01,7,BAIXA,0.02508884409852232,0.6230299104453617,0.3518812454561158,0.6230299104453617
1132,124.0,39.0,25.0,35.0,23.0,2.0,3.0,24.0,3615.0,251.0,41.8719367633892,-87.72655160927893,20.666666666666668,0.31451612903225806,0.20161290322580644,0.28225806451612906,0.18548387096774194,0.016129032258064516,0.024193548387096774,0.1935483870967742,29.153225806451612,2.024193548387097,2026-07-01,2026-06-01,7,BAIXA,0.024990453653471693,0.6985687448145176,0.2764408015320115,0.6985687448145176
1923,138.0,52.0,58.0,43.0,30.0,0.0,1.0,23.0,3805.0,281.0,41.95059705898763,-87.65568361918334,23.0,0.37681159420289856,0.42028985507246375,0.3115942028985507,0.21739130434782608,0.0,0.007246376811594203,0.16666666666666666,27.57246376811594,2.036231884057971,2026-07-01,2026-06-01,7,BAIXA,0.023600342052249347,0.5078104830004887,0.468589174947262,0.5078104830004887
1022,133.0,35.0,31.0,28.0,25.0,1.0,2.0,18.0,3775.0,268.0,41.85870429146764,-87.70294155592525,22.166666666666668,0.2631578947368421,0.23308270676691728,0.21052631578947367,0.18796992481203006,0.007518796992481203,0.015037593984962405,0.13533834586466165,28.383458646616543,2.0150375939849625,2026-07-01,2026-06-01,7,BAIXA,0.023372901613000263,0.639674064945637,0.3369530334413623,0.639674064945637
935,118.0,40.0,32.0,41.0,24.0,2.0,3.0,19.0,3495.0,226.0,41.7994605706546,-87.63603710783231,19.666666666666668,0.3389830508474576,0.2711864406779661,0.3474576271186441,0.2033898305084746,0.01694915254237288,0.025423728813559324,0.16101694915254236,29.61864406779661,1.9152542372881356,2026-07-01,2026-06-01,7,BAIXA,0.021787557415216704,0.6924026372050843,0.28580980537969913,0.6924026372050843
611,158.0,53.0,42.0,47.0,22.0,3.0,1.0,21.0,4460.0,326.0,41.75175395665705,-87.66833286436463,26.333333333333332,0.33544303797468356,0.26582278481012656,0.2974683544303797,0.13924050632911392,0.0189873417721519,0.006329113924050633,0.13291139240506328,28.227848101265824,2.0632911392405062,2026-07-01,2026-06-01,7,BAIXA,0.021643571398018677,0.5604863927830769,0.41787003581890503,0.5604863927830769
332,109.0,40.0,21.0,37.0,28.0,2.0,5.0,22.0,3075.0,223.0,41.7702790425181,-87.58306292236144,18.166666666666668,0.3669724770642202,0.1926605504587156,0.3394495412844037,0.25688073394495414,0.01834862385321101,0.045871559633027525,0.2018348623853211,28.211009174311926,2.0458715596330275,2026-07-01,2026-06-01,7,BAIXA,0.020766613520645412,0.7764980686083197,0.2027353178710347,0.7764980686083197
1135,133.0,45.0,26.0,36.0,21.0,2.0,2.0,21.0,3780.0,269.0,41.87171320303557,-87.69284454446519,22.166666666666668,0.3383458646616541,0.19548872180451127,0.2706766917293233,0.15789473684210525,0.015037593984962405,0.015037593984962405,0.15789473684210525,28.42105263157895,2.0225563909774436,2026-07-01,2026-06-01,7,BAIXA,0.019222725923703606,0.6498815524864399,0.330895721589857,0.6498815524864399
215,117.0,34.0,39.0,33.0,25.0,1.0,2.0,21.0,3483.0,247.0,41.81299319294552,-87.62314319337949,19.5,0.2905982905982906,0.3333333333333333,0.28205128205128205,0.21367521367521367,0.008547008547008548,0.017094017094017096,0.1794871794871795,29.76923076923077,2.111111111111111,2026-07-01,2026-06-01,7,BAIXA,0.018823406742854907,0.7867815551702386,0.1943950380869071,0.7867815551702386
1933,122.0,35.0,24.0,37.0,27.0,1.0,4.0,22.0,3250.0,245.0,41.93681278091561,-87.65537595431383,20.333333333333332,0.28688524590163933,0.19672131147540983,0.30327868852459017,0.22131147540983606,0.00819672131147541,0.03278688524590164,0.18032786885245902,26.639344262295083,2.0081967213114753,2026-07-01,2026-06-01,7,BAIXA,0.01849406450184992,0.7545805022581262,0.22692543324002415,0.7545805022581262
613,120.0,44.0,33.0,37.0,25.0,3.0,1.0,22.0,3465.0,240.0,41.74084279105674,-87.64935924744076,20.0,0.36666666666666664,0.275,0.30833333333333335,0.20833333333333334,0.025,0.008333333333333333,0.18333333333333332,28.875,2.0,2026-07-01,2026-06-01,7,BAIXA,0.017532399295065417,0.7315097121220772,0.2509578885828578,0.7315097121220772
214,103.0,33.0,29.0,33.0,24.0,0.0,2.0,17.0,3038.0,203.0,41.82057897964647,-87.60757708203084,17.166666666666668,0.32038834951456313,0.2815533980582524,0.32038834951456313,0.23300970873786409,0.0,0.019417475728155338,0.1650485436893204,29.49514563106796,1.970873786407767,2026-07-01,2026-06-01,7,BAIXA,0.017501937897135028,0.7761388808594356,0.20635918124342936,0.7761388808594356
1134,133.0,50.0,39.0,48.0,22.0,3.0,4.0,18.0,3521.0,257.0,41.871300176983056,-87.70587101785044,22.166666666666668,0.37593984962406013,0.2932330827067669,0.3609022556390977,0.16541353383458646,0.022556390977443608,0.03007518796992481,0.13533834586466165,26.473684210526315,1.9323308270676691,2026-07-01,2026-06-01,7,BAIXA,0.017113203772561293,0.6426742089704325,0.3402125872570066,0.6426742089704325
931,140.0,39.0,41.0,36.0,22.0,6.0,1.0,19.0,3895.0,294.0,41.80582052332398,-87.67227007857794,23.333333333333332,0.2785714285714286,0.29285714285714287,0.2571428571428571,0.15714285714285714,0.04285714285714286,0.007142857142857143,0.1357142857142857,27.821428571428573,2.1,2026-07-01,2026-06-01,7,BAIXA,0.016882789793780814,0.6977985681889733,0.28531864201724566,0.6977985681889733
1412,153.0,50.0,41.0,39.0,22.0,0.0,0.0,20.0,4425.0,318.0,41.93381058496489,-87.71177275188644,25.5,0.32679738562091504,0.2679738562091503,0.2549019607843137,0.1437908496732026,0.0,0.0,0.13071895424836602,28.92156862745098,2.0784313725490198,2026-07-01,2026-06-01,7,BAIXA,0.016637781511981937,0.6205368986701647,0.36282531981785315,0.6205368986701647
2424,129.0,37.0,31.0,22.0,22.0,2.0,1.0,21.0,3600.0,275.0,42.01275419164766,-87.67882183488754,21.5,0.2868217054263566,0.24031007751937986,0.17054263565891473,0.17054263565891473,0.015503875968992248,0.007751937984496124,0.16279069767441862,27.906976744186046,2.131782945736434,2026-07-01,2026-06-01,7,BAIXA,0.015432572732440612,0.6652671348637742,0.31930029240378544,0.6652671348637742
2531,131.0,47.0,39.0,48.0,21.0,3.0,0.0,12.0,3684.0,274.0,41.908173701392286,-87.77038817779173,21.833333333333332,0.35877862595419846,0.29770992366412213,0.366412213740458,0.16030534351145037,0.022900763358778626,0.0,0.0916030534351145,28.12213740458015,2.0916030534351147,2026-07-01,2026-06-01,7,BAIXA,0.015170891776655206,0.8053312935885473,0.17949781463479741,0.8053312935885473
2513,144.0,47.0,30.0,47.0,15.0,1.0,0.0,13.0,4075.0,296.0,41.910862252478246,-87.78961071064843,24.0,0.3263888888888889,0.20833333333333334,0.3263888888888889,0.10416666666666667,0.006944444444444444,0.0,0.09027777777777778,28.29861111111111,2.0555555555555554,2026-07-01,2026-06-01,7,BAIXA,0.014546584551201244,0.7457969920967661,0.23965642335203288,0.7457969920967661
2222,111.0,35.0,23.0,33.0,22.0,1.0,1.0,21.0,3180.0,220.0,41.73113670412992,-87.65249074621265,18.5,0.3153153153153153,0.2072072072072072,0.2972972972972973,0.1981981981981982,0.009009009009009009,0.009009009009009009,0.1891891891891892,28.64864864864865,1.981981981981982,2026-07-01,2026-06-01,7,BAIXA,0.013839297846532308,0.8052319830280613,0.18092871912540667,0.8052319830280613
1523,111.0,43.0,28.0,40.0,25.0,2.0,2.0,21.0,3080.0,227.0,41.88608905964736,-87.75993614383141,18.5,0.38738738738738737,0.25225225225225223,0.36036036036036034,0.22522522522522523,0.018018018018018018,0.018018018018018018,0.1891891891891892,27.74774774774775,2.045045045045045,2026-07-01,2026-06-01,7,BAIXA,0.013308859756232135,0.7999677216507018,0.18672341859306613,0.7999677216507018
424,109.0,31.0,30.0,31.0,21.0,2.0,1.0,14.0,3065.0,214.0,41.733647247724775,-87.54703722421567,18.166666666666668,0.28440366972477066,0.27522935779816515,0.28440366972477066,0.1926605504587156,0.01834862385321101,0.009174311926605505,0.12844036697247707,28.119266055045873,1.963302752293578,2026-07-01,2026-06-01,7,BAIXA,0.012732226068423032,0.8376103331249312,0.14965744080664597,0.8376103331249312
1212,131.0,46.0,42.0,36.0,15.0,2.0,3.0,14.0,3675.0,270.0,41.89916933669599,-87.68139035807569,21.833333333333332,0.3511450381679389,0.32061068702290074,0.2748091603053435,0.11450381679389313,0.015267175572519083,0.022900763358778626,0.10687022900763359,28.053435114503817,2.0610687022900764,2026-07-01,2026-06-01,7,BAIXA,0.012673003401060777,0.7833162349419301,0.20401076165700907,0.7833162349419301
713,114.0,50.0,21.0,44.0,22.0,1.0,4.0,26.0,3275.0,225.0,41.78637616574369,-87.65984861229906,19.0,0.43859649122807015,0.18421052631578946,0.38596491228070173,0.19298245614035087,0.008771929824561403,0.03508771929824561,0.22807017543859648,28.728070175438596,1.9736842105263157,2026-07-01,2026-06-01,7,BAIXA,0.01263304741247684,0.7580404735089239,0.22932647907859935,0.7580404735089239
1422,118.0,43.0,37.0,37.0,23.0,1.0,4.0,19.0,3385.0,246.0,41.910015622752766,-87.71174375659677,19.666666666666668,0.3644067796610169,0.3135593220338983,0.3135593220338983,0.19491525423728814,0.00847457627118644,0.03389830508474576,0.16101694915254236,28.6864406779661,2.0847457627118646,2026-07-01,2026-06-01,7,BAIXA,0.012589531509205831,0.813755933990212,0.17365453450058188,0.813755933990212
1421,106.0,29.0,27.0,34.0,20.0,3.0,0.0,17.0,3070.0,219.0,41.91309738179941,-87.70130779286025,17.666666666666668,0.27358490566037735,0.25471698113207547,0.32075471698113206,0.18867924528301888,0.02830188679245283,0.0,0.16037735849056603,28.962264150943398,2.0660377358490565,2026-07-01,2026-06-01,7,BAIXA,0.012235005043152121,0.8835113537436583,0.10425364121318921,0.8835113537436583
725,111.0,35.0,29.0,31.0,23.0,3.0,3.0,18.0,3225.0,224.0,41.77399695937856,-87.66363283361805,18.5,0.3153153153153153,0.26126126126126126,0.27927927927927926,0.2072072072072072,0.02702702702702703,0.02702702702702703,0.16216216216216217,29.054054054054053,2.018018018018018,2026-07-01,2026-06-01,7,BAIXA,0.012077136278163763,0.831195486332538,0.15672737738929865,0.831195486332538
2031,109.0,29.0,23.0,21.0,22.0,3.0,0.0,20.0,3085.0,225.0,41.97195470198928,-87.69242903928131,18.166666666666668,0.26605504587155965,0.21100917431192662,0.1926605504587156,0.2018348623853211,0.027522935779816515,0.0,0.1834862385321101,28.30275229357798,2.0642201834862384,2026-07-01,2026-06-01,7,BAIXA,0.01186489032480679,0.8864255850926922,0.10170952458250121,0.8864255850926922
726,100.0,31.0,26.0,33.0,26.0,4.0,1.0,21.0,2905.0,209.0,41.77399134805388,-87.67347828837816,16.666666666666668,0.31,0.26,0.33,0.26,0.04,0.01,0.21,29.05,2.09,2026-07-01,2026-06-01,7,BAIXA,0.011157198774574146,0.8577470814732155,0.13109571975221057,0.8577470814732155
1222,142.0,40.0,24.0,32.0,18.0,0.0,1.0,15.0,3980.0,281.0,41.883901266427145,-87.6971852699693,23.666666666666668,0.28169014084507044,0.16901408450704225,0.22535211267605634,0.1267605633802817,0.0,0.007042253521126761,0.1056338028169014,28.028169014084508,1.9788732394366197,2026-07-01,2026-06-01,7,BAIXA,0.010529460546296845,0.6777684361100182,0.31170210334368564,0.6777684361100182
932,108.0,31.0,26.0,33.0,25.0,5.0,3.0,18.0,3145.0,236.0,41.79721338423012,-87.67301833118451,18.0,0.28703703703703703,0.24074074074074073,0.3055555555555556,0.23148148148148148,0.046296296296296294,0.027777777777777776,0.16666666666666666,29.12037037037037,2.185185185185185,2026-07-01,2026-06-01,7,BAIXA,0.010357919563828488,0.8591463949026714,0.13049568553350008,0.8591463949026714
1511,113.0,45.0,43.0,33.0,22.0,2.0,1.0,24.0,3185.0,241.0,41.89668695342487,-87.77017015675072,18.833333333333332,0.39823008849557523,0.3805309734513274,0.2920353982300885,0.19469026548672566,0.017699115044247787,0.008849557522123894,0.21238938053097345,28.1858407079646,2.1327433628318584,2026-07-01,2026-06-01,7,BAIXA,0.010297858355904032,0.7414446625276145,0.24825747911648166,0.7414446625276145
2233,103.0,42.0,25.0,38.0,22.0,3.0,1.0,18.0,3000.0,203.0,41.69475438380998,-87.64084805329341,17.166666666666668,0.4077669902912621,0.24271844660194175,0.36893203883495146,0.21359223300970873,0.02912621359223301,0.009708737864077669,0.17475728155339806,29.12621359223301,1.970873786407767,2026-07-01,2026-06-01,7,BAIXA,0.010227784325667962,0.7959448374601873,0.19382737821414492,0.7959448374601873
212,111.0,46.0,31.0,41.0,21.0,3.0,5.0,16.0,3325.0,218.0,41.82745996054081,-87.61266354344173,18.5,0.4144144144144144,0.27927927927927926,0.36936936936936937,0.1891891891891892,0.02702702702702703,0.04504504504504504,0.14414414414414414,29.954954954954953,1.9639639639639639,2026-07-01,2026-06-01,7,BAIXA,0.009958457586419797,0.7939316531705984,0.19610988924298228,0.7939316531705984
1813,108.0,36.0,38.0,31.0,23.0,1.0,1.0,28.0,3065.0,216.0,41.91353439977952,-87.64754455387776,18.0,0.3333333333333333,0.35185185185185186,0.28703703703703703,0.21296296296296297,0.009259259259259259,0.009259259259259259,0.25925925925925924,28.37962962962963,2.0,2026-07-01,2026-06-01,7,BAIXA,0.009699247787442765,0.8234201757585841,0.16688057645397392,0.8234201757585841
1524,119.0,38.0,32.0,36.0,21.0,4.0,2.0,17.0,3340.0,247.0,41.89634195551019,-87.76044277278959,19.833333333333332,0.31932773109243695,0.2689075630252101,0.3025210084033613,0.17647058823529413,0.03361344537815126,0.01680672268907563,0.14285714285714285,28.067226890756302,2.0756302521008405,2026-07-01,2026-06-01,7,BAIXA,0.00865897254803567,0.8230395399191004,0.16830148753286372,0.8230395399191004
712,101.0,33.0,22.0,28.0,21.0,4.0,0.0,20.0,2875.0,200.0,41.78667026936618,-87.64883586993435,16.833333333333332,0.32673267326732675,0.21782178217821782,0.27722772277227725,0.2079207920792079,0.039603960396039604,0.0,0.19801980198019803,28.465346534653467,1.9801980198019802,2026-07-01,2026-06-01,7,BAIXA,0.008246666116317363,0.8630883286879525,0.12866500519573015,0.8630883286879525
523,107.0,41.0,31.0,42.0,21.0,3.0,2.0,15.0,3115.0,214.0,41.66568647679686,-87.63639997858259,17.833333333333332,0.38317757009345793,0.2897196261682243,0.3925233644859813,0.19626168224299065,0.028037383177570093,0.018691588785046728,0.14018691588785046,29.11214953271028,2.0,2026-07-01,2026-06-01,7,BAIXA,0.008214361999799035,0.8352302091223336,0.15655542887786753,0.8352302091223336
334,104.0,44.0,30.0,33.0,19.0,0.0,1.0,20.0,2965.0,223.0,41.76364361369372,-87.56412156178934,17.333333333333332,0.4230769230769231,0.28846153846153844,0.3173076923076923,0.18269230769230768,0.0,0.009615384615384616,0.19230769230769232,28.509615384615383,2.144230769230769,2026-07-01,2026-06-01,7,BAIXA,0.0072516207922648694,0.7907620421227897,0.20198633708494584,0.7907620421227897
133,117.0,42.0,25.0,41.0,18.0,1.0,0.0,17.0,3250.0,231.0,41.843085787965016,-87.61887702163637,19.5,0.358974358974359,0.21367521367521367,0.3504273504273504,0.15384615384615385,0.008547008547008548,0.0,0.1452991452991453,27.77777777777778,1.9743589743589745,2026-07-01,2026-06-01,7,BAIXA,0.005580145085205789,0.8617003496183865,0.13271950529640775,0.8617003496183865
223,59.0,20.0,16.0,18.0,16.0,1.0,1.0,12.0,1735.0,129.0,41.80621963709801,-87.60976478907759,9.833333333333334,0.3389830508474576,0.2711864406779661,0.3050847457627119,0.2711864406779661,0.01694915254237288,0.01694915254237288,0.2033898305084746,29.406779661016948,2.1864406779661016,2026-07-01,2026-06-01,7,BAIXA,0.005149446579635395,0.942590582702915,0.0522599707174497,0.942590582702915
1654,74.0,23.0,17.0,22.0,21.0,0.0,0.0,13.0,2325.0,139.0,41.97402258102517,-87.89219634152097,12.333333333333334,0.3108108108108108,0.22972972972972974,0.2972972972972973,0.28378378378378377,0.0,0.0,0.17567567567567569,31.41891891891892,1.8783783783783783,2026-07-01,2026-06-01,7,BAIXA,0.004957283648107661,0.9340696394973474,0.060973076854544485,0.9340696394973474
731,112.0,47.0,35.0,45.0,18.0,2.0,3.0,14.0,3145.0,237.0,41.764303391373055,-87.62889488138666,18.666666666666668,0.41964285714285715,0.3125,0.4017857142857143,0.16071428571428573,0.017857142857142856,0.026785714285714284,0.125,28.080357142857142,2.1160714285714284,2026-07-01,2026-06-01,7,BAIXA,0.004533947659644894,0.8471659423679784,0.1483001099723767,0.8471659423679784
1812,110.0,42.0,36.0,36.0,14.0,0.0,3.0,18.0,3175.0,226.0,41.922120874875766,-87.64641492871101,18.333333333333332,0.38181818181818183,0.32727272727272727,0.32727272727272727,0.12727272727272726,0.0,0.02727272727272727,0.16363636363636364,28.863636363636363,2.0545454545454547,2026-07-01,2026-06-01,7,BAIXA,0.004479665185484861,0.8416528572405174,0.15386747757399744,0.8416528572405174
113,124.0,37.0,27.0,31.0,14.0,4.0,5.0,11.0,3610.0,243.0,41.87743559459156,-87.6272004136956,20.666666666666668,0.29838709677419356,0.21774193548387097,0.25,0.11290322580645161,0.03225806451612903,0.04032258064516129,0.08870967741935484,29.112903225806452,1.9596774193548387,2026-07-01,2026-06-01,7,BAIXA,0.004155788671711179,0.7879722410861314,0.20787197024215773,0.7879722410861314
1211,105.0,34.0,27.0,29.0,18.0,1.0,1.0,17.0,3020.0,214.0,41.89865124464311,-87.69878362300145,17.5,0.3238095238095238,0.2571428571428571,0.2761904761904762,0.17142857142857143,0.009523809523809525,0.009523809523809525,0.1619047619047619,28.761904761904763,2.038095238095238,2026-07-01,2026-06-01,7,BAIXA,0.004089438954551577,0.8800565518911733,0.11585400915427563,0.8800565518911733
722,111.0,29.0,19.0,31.0,16.0,2.0,1.0,10.0,3165.0,223.0,41.77444356998511,-87.63230659093487,18.5,0.26126126126126126,0.17117117117117117,0.27927927927927926,0.14414414414414414,0.018018018018018018,0.009009009009009009,0.09009009009009009,28.513513513513512,2.009009009009009,2026-07-01,2026-06-01,7,BAIXA,0.003896588878124473,0.9036273208325671,0.09247609028930863,0.9036273208325671
1413,95.0,35.0,25.0,29.0,22.0,0.0,2.0,23.0,2700.0,199.0,41.92260840360353,-87.71169382337675,15.833333333333334,0.3684210526315789,0.2631578947368421,0.30526315789473685,0.23157894736842105,0.0,0.021052631578947368,0.24210526315789474,28.42105263157895,2.094736842105263,2026-07-01,2026-06-01,7,BAIXA,0.003696495597569878,0.9223663293514461,0.07393717505098402,0.9223663293514461
512,113.0,37.0,26.0,34.0,18.0,1.0,3.0,14.0,3195.0,238.0,41.70499104756664,-87.61519332977117,18.833333333333332,0.3274336283185841,0.23008849557522124,0.3008849557522124,0.1592920353982301,0.008849557522123894,0.02654867256637168,0.12389380530973451,28.27433628318584,2.106194690265487,2026-07-01,2026-06-01,7,BAIXA,0.003626173073841353,0.8889462373772532,0.10742758954890569,0.8889462373772532
734,95.0,39.0,20.0,38.0,18.0,2.0,1.0,19.0,2765.0,206.0,41.763862303643215,-87.65903365841925,15.833333333333334,0.4105263157894737,0.21052631578947367,0.4,0.18947368421052632,0.021052631578947368,0.010526315789473684,0.2,29.105263157894736,2.168421052631579,2026-07-01,2026-06-01,7,BAIXA,0.003572994041000719,0.8593380584194853,0.1370889475395139,0.8593380584194853
531,120.0,40.0,30.0,33.0,14.0,3.0,4.0,13.0,3345.0,239.0,41.68943720135928,-87.61240464315004,20.0,0.3333333333333333,0.25,0.275,0.11666666666666667,0.025,0.03333333333333333,0.10833333333333334,27.875,1.9916666666666667,2026-07-01,2026-06-01,7,BAIXA,0.00347728000797168,0.8417487299927028,0.15477398999932576,0.8417487299927028
3100,1.0,1.0,0.0,1.0,0.0,0.0,0.0,0.0,30.0,1.0,41.99503733,-87.8845023116,0.16666666666666666,1.0,0.0,1.0,0.0,0.0,0.0,0.0,30.0,1.0,2026-07-01,2026-06-01,7,BAIXA,0.0031666666666666666,0.9255212523557312,0.07131208097760225,0.9255212523557312
232,98.0,37.0,34.0,33.0,16.0,3.0,2.0,18.0,2850.0,207.0,41.78832373501259,-87.62258613897497,16.333333333333332,0.37755102040816324,0.3469387755102041,0.336734693877551,0.16326530612244897,0.030612244897959183,0.02040816326530612,0.1836734693877551,29.081632653061224,2.1122448979591835,2026-07-01,2026-06-01,7,BAIXA,0.002956664501791131,0.9101534558592863,0.08688987963892272,0.9101534558592863
2423,85.0,22.0,19.0,22.0,18.0,1.0,2.0,18.0,2325.0,176.0,42.01222843887388,-87.667882535446,14.166666666666666,0.25882352941176473,0.2235294117647059,0.25882352941176473,0.21176470588235294,0.011764705882352941,0.023529411764705882,0.21176470588235294,27.352941176470587,2.070588235294118,2026-07-01,2026-06-01,7,BAIXA,0.0029097561368207877,0.9460549864828681,0.051035257380311484,0.9460549864828681
2525,103.0,31.0,21.0,27.0,12.0,0.0,0.0,11.0,2940.0,221.0,41.92075339390526,-87.72449950225527,17.166666666666668,0.30097087378640774,0.20388349514563106,0.2621359223300971,0.11650485436893204,0.0,0.0,0.10679611650485436,28.54368932038835,2.145631067961165,2026-07-01,2026-06-01,7,BAIXA,0.002898005710448255,0.9224918094692316,0.07461018482031999,0.9224918094692316
112,125.0,38.0,27.0,33.0,12.0,0.0,2.0,11.0,3605.0,248.0,41.881496185285016,-87.62699345108688,20.833333333333332,0.304,0.216,0.264,0.096,0.0,0.016,0.088,28.84,1.984,2026-07-01,2026-06-01,7,BAIXA,0.0027896798910349886,0.796086335444775,0.20112398466419024,0.796086335444775
732,69.0,34.0,16.0,31.0,14.0,0.0,3.0,10.0,1943.0,135.0,41.76417815711756,-87.63995530315121,11.5,0.4927536231884058,0.2318840579710145,0.4492753623188406,0.2028985507246377,0.0,0.043478260869565216,0.14492753623188406,28.159420289855074,1.9565217391304348,2026-07-01,2026-06-01,7,BAIXA,0.0027575903376819114,0.9288992992842604,0.06834311037805778,0.9288992992842604
723,96.0,24.0,20.0,19.0,17.0,2.0,4.0,14.0,2705.0,192.0,41.774880483391584,-87.64444183739488,16.0,0.25,0.20833333333333334,0.19791666666666666,0.17708333333333334,0.020833333333333332,0.041666666666666664,0.14583333333333334,28.177083333333332,2.0,2026-07-01,2026-06-01,7,BAIXA,0.002706600319169137,0.946983473994912,0.05030992568591938,0.946983473994912
1913,73.0,27.0,15.0,15.0,14.0,2.0,1.0,10.0,1935.0,150.0,41.965062148180166,-87.66104736253838,12.166666666666666,0.3698630136986301,0.2054794520547945,0.2054794520547945,0.1917808219178082,0.0273972602739726,0.0136986301369863,0.136986301369863,26.506849315068493,2.0547945205479454,2026-07-01,2026-06-01,7,BAIXA,0.0026838801503361385,0.9697567265313526,0.02755939331831159,0.9697567265313526
724,73.0,25.0,21.0,25.0,14.0,2.0,1.0,11.0,2060.0,150.0,41.77439021223277,-87.6537144554124,12.166666666666666,0.3424657534246575,0.2876712328767123,0.3424657534246575,0.1917808219178082,0.0273972602739726,0.0136986301369863,0.1506849315068493,28.21917808219178,2.0547945205479454,2026-07-01,2026-06-01,7,BAIXA,0.0026170522477742984,0.9594391103077282,0.03794383744449701,0.9594391103077282
1014,109.0,37.0,25.0,29.0,19.0,0.0,0.0,17.0,3040.0,220.0,41.85526692440141,-87.72005829189972,18.166666666666668,0.3394495412844037,0.22935779816513763,0.26605504587155965,0.1743119266055046,0.0,0.0,0.1559633027522936,27.889908256880734,2.018348623853211,2026-07-01,2026-06-01,7,BAIXA,0.002075263676539428,0.8628007666575656,0.13512396966589516,0.8628007666575656
225,111.0,36.0,31.0,31.0,14.0,0.0,2.0,14.0,3200.0,228.0,41.795425395766586,-87.62707456470797,18.5,0.32432432432432434,0.27927927927927926,0.27927927927927926,0.12612612612612611,0.0,0.018018018018018018,0.12612612612612611,28.82882882882883,2.054054054054054,2026-07-01,2026-06-01,7,BAIXA,0.002047663704212865,0.9341627108608426,0.06378962543494467,0.9341627108608426
522,68.0,29.0,22.0,29.0,10.0,3.0,2.0,7.0,1925.0,129.0,41.684831834777526,-87.62737505980303,11.333333333333334,0.4264705882352941,0.3235294117647059,0.4264705882352941,0.14705882352941177,0.04411764705882353,0.029411764705882353,0.10294117647058823,28.308823529411764,1.8970588235294117,2026-07-01,2026-06-01,7,BAIXA,0.001971997920100996,0.9552353538359256,0.04279264824397352,0.9552353538359256
2033,104.0,28.0,29.0,25.0,16.0,2.0,1.0,9.0,2765.0,211.0,41.97296753878042,-87.66138688176027,17.333333333333332,0.2692307692307692,0.27884615384615385,0.2403846153846154,0.15384615384615385,0.019230769230769232,0.009615384615384616,0.08653846153846154,26.58653846153846,2.0288461538461537,2026-07-01,2026-06-01,7,BAIXA,0.001968270514573704,0.9240765548221725,0.07395517466325358,0.9240765548221725
2023,80.0,21.0,18.0,12.0,10.0,2.0,1.0,12.0,2275.0,160.0,41.97985300934175,-87.65656985847235,13.333333333333334,0.2625,0.225,0.15,0.125,0.025,0.0125,0.15,28.4375,2.0,2026-07-01,2026-06-01,7,BAIXA,0.0019506456721469431,0.9722879735025273,0.02576138082532581,0.9722879735025273
1021,77.0,32.0,26.0,25.0,15.0,1.0,1.0,17.0,2125.0,150.0,41.861080539561016,-87.71168765298422,12.833333333333334,0.4155844155844156,0.33766233766233766,0.3246753246753247,0.19480519480519481,0.012987012987012988,0.012987012987012988,0.22077922077922077,27.5974025974026,1.948051948051948,2026-07-01,2026-06-01,7,BAIXA,0.001950405147277489,0.9552497614727683,0.042799833379953967,0.9552497614727683
1012,99.0,27.0,24.0,22.0,13.0,1.0,1.0,13.0,2810.0,203.0,41.855467787531296,-87.73037590228964,16.5,0.2727272727272727,0.24242424242424243,0.2222222222222222,0.13131313131313133,0.010101010101010102,0.010101010101010102,0.13131313131313133,28.383838383838384,2.0505050505050506,2026-07-01,2026-06-01,7,BAIXA,0.0019219705407396593,0.9502384840511536,0.04783954540810697,0.9502384840511536
714,75.0,26.0,17.0,22.0,10.0,3.0,1.0,9.0,2255.0,152.0,41.78288352758666,-87.66925705989426,12.5,0.3466666666666667,0.22666666666666666,0.29333333333333333,0.13333333333333333,0.04,0.013333333333333334,0.12,30.066666666666666,2.026666666666667,2026-07-01,2026-06-01,7,BAIXA,0.0018139946268993434,0.9655647404493811,0.032621264923719175,0.9655647404493811
314,90.0,20.0,21.0,14.0,16.0,2.0,3.0,14.0,2455.0,184.0,41.78109656587034,-87.59223863280272,15.0,0.2222222222222222,0.23333333333333334,0.15555555555555556,0.17777777777777778,0.022222222222222223,0.03333333333333333,0.15555555555555556,27.27777777777778,2.0444444444444443,2026-07-01,2026-06-01,7,BAIXA,0.0017841183344921025,0.958060181806207,0.04015569985930108,0.958060181806207
733,74.0,25.0,26.0,23.0,9.0,0.0,1.0,7.0,2205.0,145.0,41.7642580354386,-87.64757159499078,12.333333333333334,0.33783783783783783,0.35135135135135137,0.3108108108108108,0.12162162162162163,0.0,0.013513513513513514,0.0945945945945946,29.7972972972973,1.9594594594594594,2026-07-01,2026-06-01,7,BAIXA,0.0017147021521250908,0.9586900727070167,0.03959522514085805,0.9586900727070167
934,84.0,29.0,18.0,22.0,13.0,3.0,1.0,14.0,2415.0,175.0,41.79714133801728,-87.65449127548536,14.0,0.34523809523809523,0.21428571428571427,0.2619047619047619,0.15476190476190477,0.03571428571428571,0.011904761904761904,0.16666666666666666,28.75,2.0833333333333335,2026-07-01,2026-06-01,7,BAIXA,0.0015404545791685383,0.9538146361510678,0.044644909269763604,0.9538146361510678
311,83.0,25.0,20.0,21.0,23.0,4.0,0.0,18.0,2298.0,165.0,41.7820511976614,-87.6219320226115,13.833333333333334,0.30120481927710846,0.24096385542168675,0.25301204819277107,0.27710843373493976,0.04819277108433735,0.0,0.21686746987951808,27.686746987951807,1.9879518072289157,2026-07-01,2026-06-01,7,BAIXA,0.0014695612137456406,0.9596732911256916,0.03885714766056304,0.9596732911256916
1125,59.0,21.0,18.0,15.0,6.0,0.0,0.0,5.0,1650.0,111.0,41.87826722819244,-87.68963520508278,9.833333333333334,0.3559322033898305,0.3050847457627119,0.2542372881355932,0.1016949152542373,0.0,0.0,0.0847457627118644,27.966101694915253,1.88135593220339,2026-07-01,2026-06-01,7,BAIXA,0.001388888888888889,0.9897466289616677,0.008864482149443404,0.9897466289616677
715,75.0,25.0,21.0,26.0,10.0,1.0,3.0,11.0,2190.0,155.0,41.7909260713217,-87.67011371835065,12.5,0.3333333333333333,0.28,0.3466666666666667,0.13333333333333333,0.013333333333333334,0.04,0.14666666666666667,29.2,2.066666666666667,2026-07-01,2026-06-01,7,BAIXA,0.0013253820535080898,0.9625868036646413,0.03608781428185067,0.9625868036646413
221,86.0,23.0,22.0,24.0,14.0,3.0,0.0,12.0,2385.0,169.0,41.81216011540926,-87.6100116234197,14.333333333333334,0.26744186046511625,0.2558139534883721,0.27906976744186046,0.16279069767441862,0.03488372093023256,0.0,0.13953488372093023,27.732558139534884,1.9651162790697674,2026-07-01,2026-06-01,7,BAIXA,0.0012071445351070527,0.9649640155478966,0.03382883991699621,0.9649640155478966
231,83.0,25.0,15.0,24.0,13.0,2.0,2.0,10.0,2325.0,167.0,41.79647052342782,-87.61925900617486,13.833333333333334,0.30120481927710846,0.18072289156626506,0.2891566265060241,0.1566265060240964,0.024096385542168676,0.024096385542168676,0.12048192771084337,28.012048192771083,2.0120481927710845,2026-07-01,2026-06-01,7,BAIXA,0.0009935440436780617,0.9694609404878572,0.029545515468464546,0.9694609404878572
333,81.0,28.0,24.0,21.0,13.0,2.0,1.0,7.0,2285.0,166.0,41.76351597376536,-87.5754534825605,13.5,0.345679012345679,0.2962962962962963,0.25925925925925924,0.16049382716049382,0.024691358024691357,0.012345679012345678,0.08641975308641975,28.209876543209877,2.049382716049383,2026-07-01,2026-06-01,7,BAIXA,0.000831450117235073,0.974898762951825,0.024269786930939993,0.974898762951825
933,84.0,22.0,20.0,16.0,20.0,5.0,0.0,15.0,2345.0,166.0,41.80585260910759,-87.65670561275903,14.0,0.2619047619047619,0.23809523809523808,0.19047619047619047,0.23809523809523808,0.05952380952380952,0.0,0.17857142857142858,27.916666666666668,1.9761904761904763,2026-07-01,2026-06-01,7,BAIXA,0.0008006112462015288,0.9381695914518056,0.061029797301993344,0.9381695914518056
2422,89.0,32.0,24.0,23.0,16.0,0.0,1.0,16.0,2465.0,177.0,42.01931856316702,-87.67033092972126,14.833333333333334,0.3595505617977528,0.2696629213483146,0.25842696629213485,0.1797752808988764,0.0,0.011235955056179775,0.1797752808988764,27.696629213483146,1.9887640449438202,2026-07-01,2026-06-01,7,BAIXA,0.0006888507886920743,0.9728142485552748,0.026496900656032794,0.9728142485552748
1124,79.0,30.0,21.0,28.0,19.0,0.0,3.0,19.0,2120.0,165.0,41.878357392144615,-87.70258790799144,13.166666666666666,0.379746835443038,0.26582278481012656,0.35443037974683544,0.24050632911392406,0.0,0.0379746835443038,0.24050632911392406,26.835443037974684,2.088607594936709,2026-07-01,2026-06-01,7,BAIXA,0.0006276447962088311,0.9593251880263347,0.04004716717745619,0.9593251880263347
633,86.0,37.0,28.0,31.0,12.0,4.0,1.0,12.0,2450.0,174.0,41.72672847573664,-87.60959743957055,14.333333333333334,0.43023255813953487,0.32558139534883723,0.36046511627906974,0.13953488372093023,0.046511627906976744,0.011627906976744186,0.13953488372093023,28.488372093023255,2.0232558139534884,2026-07-01,2026-06-01,7,BAIXA,0.0006147148183394724,0.9704723558432939,0.02891292933836666,0.9704723558432939
1114,93.0,48.0,24.0,41.0,16.0,0.0,3.0,10.0,2690.0,191.0,41.884561577233065,-87.72922006030274,15.5,0.5161290322580645,0.25806451612903225,0.44086021505376344,0.17204301075268819,0.0,0.03225806451612903,0.10752688172043011,28.9247311827957,2.053763440860215,2026-07-01,2026-06-01,7,BAIXA,0.0005453206806186201,0.9155423749100663,0.0839123044093155,0.9155423749100663
1512,93.0,26.0,20.0,23.0,13.0,2.0,0.0,8.0,2620.0,187.0,41.8856581702814,-87.76948960235768,15.5,0.27956989247311825,0.21505376344086022,0.24731182795698925,0.13978494623655913,0.021505376344086023,0.0,0.08602150537634409,28.172043010752688,2.010752688172043,2026-07-01,2026-06-01,7,BAIXA,0.00046105243594338826,0.9806673246828992,0.018871622881157558,0.9806673246828992
1115,79.0,34.0,29.0,28.0,16.0,0.0,1.0,11.0,2240.0,169.0,41.87968840626251,-87.73004274463057,13.166666666666666,0.43037974683544306,0.3670886075949367,0.35443037974683544,0.20253164556962025,0.0,0.012658227848101266,0.13924050632911392,28.354430379746834,2.1392405063291138,2026-07-01,2026-06-01,7,BAIXA,0.0003643276910888103,0.9451079487359777,0.054527723572933555,0.9451079487359777
2431,62.0,23.0,20.0,20.0,12.0,0.0,1.0,12.0,1710.0,127.0,42.00711620781933,-87.66557909327535,10.333333333333334,0.3709677419354839,0.3225806451612903,0.3225806451612903,0.1935483870967742,0.0,0.016129032258064516,0.1935483870967742,27.580645161290324,2.0483870967741935,2026-07-01,2026-06-01,7,BAIXA,0.00034439565832494913,0.9815805723438302,0.018075031997844666,0.9815805723438302
422,57.0,25.0,16.0,25.0,14.0,0.0,0.0,13.0,1650.0,110.0,41.75024329184807,-87.55587558739722,9.5,0.43859649122807015,0.2807017543859649,0.43859649122807015,0.24561403508771928,0.0,0.0,0.22807017543859648,28.94736842105263,1.9298245614035088,2026-07-01,2026-06-01,7,BAIXA,0.0002212932027357862,0.9539779989807812,0.04580070781648302,0.9539779989807812
313,82.0,20.0,20.0,18.0,14.0,0.0,2.0,14.0,2265.0,176.0,41.78271375581383,-87.60896708718002,13.666666666666666,0.24390243902439024,0.24390243902439024,0.21951219512195122,0.17073170731707318,0.0,0.024390243902439025,0.17073170731707318,27.621951219512194,2.1463414634146343,2026-07-01,2026-06-01,7,BAIXA,0.0001585388683900615,0.9511065601237808,0.04873490100782917,0.9511065601237808
1823,79.0,23.0,24.0,19.0,11.0,0.0,1.0,10.0,2240.0,160.0,41.899410245210674,-87.63797215826955,13.166666666666666,0.2911392405063291,0.3037974683544304,0.24050632911392406,0.13924050632911392,0.0,0.012658227848101266,0.12658227848101267,28.354430379746834,2.0253164556962027,2026-07-01,2026-06-01,7,BAIXA,0.0001480142223113038,0.9887227059030967,0.011129279874591915,0.9887227059030967
2024,76.0,28.0,21.0,22.0,15.0,0.0,0.0,16.0,2175.0,148.0,41.97295322416518,-87.65274297326901,12.666666666666666,0.3684210526315789,0.27631578947368424,0.2894736842105263,0.19736842105263158,0.0,0.0,0.21052631578947367,28.61842105263158,1.9473684210526316,2026-07-01,2026-06-01,7,BAIXA,7.422602179351886e-05,0.9780420183048764,0.02188375567332992,0.9780420183048764
1711,258.0,52.0,65.0,39.0,52.0,2.0,2.0,43.0,7295.0,516.0,41.99133865965895,-87.72251442628323,43.0,0.20155038759689922,0.25193798449612403,0.1511627906976744,0.20155038759689922,0.007751937984496124,0.007751937984496124,0.16666666666666666,28.275193798449614,2.0,2026-07-01,2026-06-01,7,MEDIA,0.47645708255994984,0.03198424087839468,0.49155867656165525,0.49155867656165525
1233,279.0,71.0,71.0,62.0,45.0,5.0,3.0,41.0,7895.0,568.0,41.862532513670615,-87.66786312611006,46.5,0.25448028673835127,0.25448028673835127,0.2222222222222222,0.16129032258064516,0.017921146953405017,0.010752688172043012,0.14695340501792115,28.29749103942652,2.03584229390681,2026-07-01,2026-06-01,7,MEDIA,0.4739665521373057,0.022102193389907415,0.5039312544727872,0.5039312544727872
413,244.0,73.0,58.0,68.0,52.0,5.0,4.0,38.0,7005.0,504.0,41.72645320579808,-87.58283245692766,40.666666666666664,0.29918032786885246,0.23770491803278687,0.2786885245901639,0.21311475409836064,0.020491803278688523,0.01639344262295082,0.1557377049180328,28.709016393442624,2.0655737704918034,2026-07-01,2026-06-01,7,MEDIA,0.46297248291185034,0.034840210341163635,0.5021873067469856,0.5021873067469856
1113,235.0,88.0,61.0,81.0,36.0,4.0,4.0,32.0,6795.0,475.0,41.882165023579816,-87.74059316388292,39.166666666666664,0.37446808510638296,0.25957446808510637,0.3446808510638298,0.15319148936170213,0.01702127659574468,0.01702127659574468,0.13617021276595745,28.914893617021278,2.021276595744681,2026-07-01,2026-06-01,7,MEDIA,0.4592738448359615,0.050278758722156966,0.49044739644188157,0.49044739644188157
1131,233.0,99.0,64.0,84.0,33.0,2.0,8.0,35.0,6779.0,472.0,41.87215674695998,-87.73932430868727,38.833333333333336,0.4248927038626609,0.27467811158798283,0.3605150214592275,0.14163090128755365,0.008583690987124463,0.034334763948497854,0.15021459227467812,29.09442060085837,2.0257510729613735,2026-07-01,2026-06-01,7,MEDIA,0.4545064767152405,0.0670888168890765,0.4784047063956831,0.4784047063956831
1225,271.0,66.0,55.0,68.0,40.0,1.0,1.0,45.0,7600.0,549.0,41.87387362711591,-87.67921005209064,45.166666666666664,0.24354243542435425,0.2029520295202952,0.25092250922509224,0.14760147601476015,0.0036900369003690036,0.0036900369003690036,0.16605166051660517,28.04428044280443,2.025830258302583,2026-07-01,2026-06-01,7,MEDIA,0.4395217398862332,0.02547670758939693,0.5350015525243693,0.5350015525243693
2432,249.0,74.0,64.0,69.0,34.0,1.0,1.0,33.0,7100.0,511.0,42.00089079733277,-87.66571079214286,41.5,0.2971887550200803,0.2570281124497992,0.27710843373493976,0.13654618473895583,0.004016064257028112,0.004016064257028112,0.13253012048192772,28.514056224899598,2.0522088353413657,2026-07-01,2026-06-01,7,MEDIA,0.43945693141842584,0.03213331471227012,0.5284097538693038,0.5284097538693038
1411,247.0,82.0,61.0,70.0,41.0,3.0,1.0,38.0,7190.0,506.0,41.9330361418936,-87.6969746288111,41.166666666666664,0.3319838056680162,0.24696356275303644,0.2834008097165992,0.1659919028340081,0.012145748987854251,0.004048582995951417,0.15384615384615385,29.10931174089069,2.048582995951417,2026-07-01,2026-06-01,7,MEDIA,0.4383007381336766,0.02813517222986095,0.5335640896364621,0.5335640896364621
1624,254.0,73.0,55.0,63.0,37.0,0.0,1.0,25.0,7185.0,517.0,41.956548045067926,-87.76411389520594,42.333333333333336,0.2874015748031496,0.21653543307086615,0.24803149606299213,0.14566929133858267,0.0,0.003937007874015748,0.0984251968503937,28.287401574803148,2.0354330708661417,2026-07-01,2026-06-01,7,MEDIA,0.43401017934135905,0.0660098855038599,0.499979935154781,0.499979935154781
2514,262.0,83.0,76.0,74.0,45.0,0.0,3.0,39.0,7255.0,557.0,41.93316374955744,-87.76584098427738,43.666666666666664,0.31679389312977096,0.2900763358778626,0.2824427480916031,0.1717557251908397,0.0,0.011450381679389313,0.14885496183206107,27.69083969465649,2.1259541984732824,2026-07-01,2026-06-01,7,MEDIA,0.4329306507349349,0.026855332768256884,0.5402140164968084,0.5402140164968084
1631,242.0,81.0,71.0,69.0,39.0,0.0,1.0,33.0,7065.0,503.0,41.94495965617394,-87.82030226208164,40.333333333333336,0.3347107438016529,0.29338842975206614,0.28512396694214875,0.16115702479338842,0.0,0.004132231404958678,0.13636363636363635,29.194214876033058,2.0785123966942147,2026-07-01,2026-06-01,7,MEDIA,0.42284253376136605,0.046744632816449784,0.5304128334221846,0.5304128334221846
814,242.0,73.0,59.0,71.0,36.0,2.0,4.0,27.0,6830.0,493.0,41.803483000324704,-87.74858189292306,40.333333333333336,0.30165289256198347,0.24380165289256198,0.29338842975206614,0.1487603305785124,0.008264462809917356,0.01652892561983471,0.1115702479338843,28.223140495867767,2.0371900826446283,2026-07-01,2026-06-01,7,MEDIA,0.421066485552404,0.04074707277288096,0.5381864416747151,0.5381864416747151
1111,231.0,84.0,72.0,70.0,44.0,1.0,2.0,40.0,6595.0,474.0,41.8966673784142,-87.7356449392625,38.5,0.36363636363636365,0.3116883116883117,0.30303030303030304,0.19047619047619047,0.004329004329004329,0.008658008658008658,0.17316017316017315,28.549783549783548,2.051948051948052,2026-07-01,2026-06-01,7,MEDIA,0.4148978263188567,0.051305376421315746,0.5337967972598272,0.5337967972598272
121,251.0,76.0,59.0,65.0,38.0,8.0,5.0,27.0,7320.0,494.0,41.881251461338735,-87.64156913100838,41.833333333333336,0.30278884462151395,0.2350597609561753,0.2589641434262948,0.15139442231075698,0.03187250996015936,0.0199203187250996,0.10756972111553785,29.163346613545816,1.9681274900398407,2026-07-01,2026-06-01,7,MEDIA,0.40242732960964833,0.035795565310333594,0.5617771050800185,0.5617771050800185
222,241.0,76.0,65.0,63.0,37.0,4.0,10.0,33.0,7018.0,480.0,41.8085631569272,-87.59342882702246,40.166666666666664,0.3153526970954357,0.2697095435684647,0.26141078838174275,0.15352697095435686,0.016597510373443983,0.04149377593360996,0.13692946058091288,29.12033195020747,1.991701244813278,2026-07-01,2026-06-01,7,MEDIA,0.38983044558145125,0.054504453142974175,0.5556651012755749,0.5556651012755749
2433,260.0,61.0,67.0,56.0,35.0,3.0,3.0,36.0,7230.0,525.0,41.994479505076406,-87.66401853265802,43.333333333333336,0.23461538461538461,0.25769230769230766,0.2153846153846154,0.1346153846153846,0.011538461538461539,0.011538461538461539,0.13846153846153847,27.807692307692307,2.019230769230769,2026-07-01,2026-06-01,7,MEDIA,0.3883080091808552,0.03512729682502853,0.5765646939941159,0.5765646939941159
1133,212.0,88.0,67.0,73.0,36.0,1.0,4.0,32.0,6155.0,432.0,41.87200154156534,-87.71727192355031,35.333333333333336,0.41509433962264153,0.3160377358490566,0.3443396226415094,0.16981132075471697,0.0047169811320754715,0.018867924528301886,0.1509433962264151,29.03301886792453,2.0377358490566038,2026-07-01,2026-06-01,7,MEDIA,0.3816862395602013,0.09739145779126182,0.5209223026485371,0.5209223026485371
323,206.0,83.0,68.0,81.0,40.0,2.0,4.0,35.0,5935.0,417.0,41.76215108772152,-87.61402076196542,34.333333333333336,0.4029126213592233,0.3300970873786408,0.3932038834951456,0.1941747572815534,0.009708737864077669,0.019417475728155338,0.16990291262135923,28.810679611650485,2.0242718446601944,2026-07-01,2026-06-01,7,MEDIA,0.37447019003222504,0.09439705619127647,0.5311327537764989,0.5311327537764989
831,235.0,80.0,64.0,77.0,45.0,2.0,4.0,38.0,6705.0,485.0,41.76876499890114,-87.6991174822405,39.166666666666664,0.3404255319148936,0.2723404255319149,0.3276595744680851,0.19148936170212766,0.00851063829787234,0.01702127659574468,0.16170212765957448,28.53191489361702,2.0638297872340425,2026-07-01,2026-06-01,7,MEDIA,0.3725365715077331,0.04778080355156463,0.5796826249407022,0.5796826249407022
1934,229.0,79.0,62.0,68.0,40.0,5.0,3.0,36.0,6823.0,459.0,41.93673306849301,-87.64194416555272,38.166666666666664,0.34497816593886466,0.27074235807860264,0.29694323144104806,0.17467248908296942,0.021834061135371178,0.013100436681222707,0.1572052401746725,29.79475982532751,2.004366812227074,2026-07-01,2026-06-01,7,MEDIA,0.3722872997780514,0.0575965471351872,0.5701161530867612,0.5701161530867612
1611,237.0,65.0,53.0,53.0,34.0,2.0,2.0,31.0,6845.0,481.0,42.0002108402952,-87.79753068168374,39.5,0.2742616033755274,0.22362869198312235,0.22362869198312235,0.14345991561181434,0.008438818565400843,0.008438818565400843,0.1308016877637131,28.88185654008439,2.029535864978903,2026-07-01,2026-06-01,7,MEDIA,0.36449882753625923,0.04441997890107519,0.5910811935626652,0.5910811935626652
1621,232.0,46.0,39.0,46.0,36.0,5.0,1.0,35.0,6680.0,476.0,41.992665018258535,-87.761217272667,38.666666666666664,0.19827586206896552,0.16810344827586207,0.19827586206896552,0.15517241379310345,0.021551724137931036,0.004310344827586207,0.15086206896551724,28.79310344827586,2.0517241379310347,2026-07-01,2026-06-01,7,MEDIA,0.3509071777337148,0.0648025528250969,0.5842902694411882,0.5842902694411882
124,237.0,65.0,63.0,60.0,41.0,4.0,2.0,41.0,6545.0,474.0,41.86862324149263,-87.64085663487184,39.5,0.2742616033755274,0.26582278481012656,0.25316455696202533,0.1729957805907173,0.016877637130801686,0.008438818565400843,0.1729957805907173,27.616033755274263,2.0,2026-07-01,2026-06-01,7,MEDIA,0.34922827044374494,0.04720492404082606,0.6035668055154287,0.6035668055154287
1632,237.0,63.0,56.0,52.0,37.0,3.0,3.0,28.0,6835.0,480.0,41.9482904346791,-87.79635998187773,39.5,0.26582278481012656,0.23628691983122363,0.21940928270042195,0.15611814345991562,0.012658227848101266,0.012658227848101266,0.11814345991561181,28.839662447257385,2.0253164556962027,2026-07-01,2026-06-01,7,MEDIA,0.3447337669308163,0.046009388814342876,0.6092568442548402,0.6092568442548402
921,232.0,65.0,47.0,60.0,55.0,16.0,5.0,47.0,6600.0,483.0,41.81977941693005,-87.69322114108216,38.666666666666664,0.2801724137931034,0.2025862068965517,0.25862068965517243,0.23706896551724138,0.06896551724137931,0.021551724137931036,0.2025862068965517,28.448275862068964,2.081896551724138,2026-07-01,2026-06-01,7,MEDIA,0.34345055471311425,0.057776415941677754,0.5987730293452077,0.5987730293452077
1814,207.0,63.0,61.0,61.0,37.0,1.0,1.0,38.0,6515.0,411.0,41.91619696909209,-87.63243838456873,34.5,0.30434782608695654,0.2946859903381642,0.2946859903381642,0.178743961352657,0.004830917874396135,0.004830917874396135,0.18357487922705315,31.47342995169082,1.9855072463768115,2026-07-01,2026-06-01,7,MEDIA,0.33506071098165535,0.13693832273678058,0.5280009662815636,0.5280009662815636
2213,231.0,60.0,49.0,54.0,50.0,0.0,4.0,42.0,6670.0,473.0,41.71584487894631,-87.6670452630318,38.5,0.2597402597402597,0.21212121212121213,0.23376623376623376,0.21645021645021645,0.0,0.017316017316017316,0.18181818181818182,28.874458874458874,2.0476190476190474,2026-07-01,2026-06-01,7,MEDIA,0.33197238998169987,0.08739563533687351,0.5806319746814266,0.5806319746814266
1033,228.0,57.0,60.0,55.0,51.0,1.0,5.0,48.0,6045.0,473.0,41.844658027130265,-87.70022542362787,38.0,0.25,0.2631578947368421,0.2412280701754386,0.2236842105263158,0.0043859649122807015,0.021929824561403508,0.21052631578947367,26.513157894736842,2.074561403508772,2026-07-01,2026-06-01,7,MEDIA,0.32932372493367995,0.05156129731692009,0.6191149777494005,0.6191149777494005
2011,239.0,57.0,53.0,44.0,42.0,2.0,2.0,30.0,6405.0,482.0,41.98322370015811,-87.69606526547801,39.833333333333336,0.2384937238493724,0.2217573221757322,0.18410041841004185,0.17573221757322174,0.008368200836820083,0.008368200836820083,0.12552301255230125,26.799163179916317,2.01673640167364,2026-07-01,2026-06-01,7,MEDIA,0.3204989033132032,0.04272575229937308,0.6367753443874237,0.6367753443874237
1731,244.0,60.0,58.0,59.0,41.0,2.0,2.0,42.0,6905.0,503.0,41.94503300184898,-87.73756638136877,40.666666666666664,0.2459016393442623,0.23770491803278687,0.24180327868852458,0.1680327868852459,0.00819672131147541,0.00819672131147541,0.1721311475409836,28.299180327868854,2.0614754098360657,2026-07-01,2026-06-01,7,MEDIA,0.3190826891401832,0.03712798395916036,0.6437893269006565,0.6437893269006565
915,251.0,70.0,59.0,63.0,48.0,14.0,4.0,38.0,6987.0,504.0,41.83107219236952,-87.64045719290299,41.833333333333336,0.2788844621513944,0.2350597609561753,0.250996015936255,0.19123505976095617,0.055776892430278883,0.01593625498007968,0.15139442231075698,27.836653386454184,2.00796812749004,2026-07-01,2026-06-01,7,MEDIA,0.3103549001538897,0.031742726672834516,0.6579023731732765,0.6579023731732765
1822,230.0,62.0,56.0,62.0,44.0,3.0,2.0,42.0,6480.0,455.0,41.905697501439406,-87.64914442492488,38.333333333333336,0.26956521739130435,0.24347826086956523,0.26956521739130435,0.19130434782608696,0.013043478260869565,0.008695652173913044,0.1826086956521739,28.17391304347826,1.9782608695652173,2026-07-01,2026-06-01,7,MEDIA,0.30994686797704146,0.06516471304520971,0.6248884189777493,0.6248884189777493
1921,220.0,67.0,40.0,60.0,36.0,3.0,5.0,36.0,5900.0,454.0,41.9460771956929,-87.68705045866008,36.666666666666664,0.30454545454545456,0.18181818181818182,0.2727272727272727,0.16363636363636364,0.013636363636363636,0.022727272727272728,0.16363636363636364,26.818181818181817,2.0636363636363635,2026-07-01,2026-06-01,7,MEDIA,0.3092825380524275,0.1092840946467229,0.58143336730085,0.58143336730085
432,209.0,83.0,52.0,64.0,36.0,1.0,2.0,32.0,5975.0,427.0,41.70836962384666,-87.5351269716102,34.833333333333336,0.39712918660287083,0.24880382775119617,0.3062200956937799,0.1722488038277512,0.004784688995215311,0.009569377990430622,0.15311004784688995,28.588516746411482,2.0430622009569377,2026-07-01,2026-06-01,7,MEDIA,0.24555372778560175,0.13974814312046238,0.6146981290939366,0.6146981290939366
1122,219.0,72.0,59.0,66.0,47.0,4.0,3.0,35.0,6257.0,448.0,41.88353381890185,-87.72202462223069,36.5,0.3287671232876712,0.2694063926940639,0.3013698630136986,0.2146118721461187,0.0182648401826484,0.0136986301369863,0.1598173515981735,28.570776255707763,2.045662100456621,2026-07-01,2026-06-01,7,MEDIA,0.23332962155451445,0.06839456184825755,0.698275816597228,0.698275816597228
1931,226.0,50.0,54.0,57.0,34.0,8.0,8.0,34.0,6090.0,449.0,41.93276387691056,-87.67554446091539,37.666666666666664,0.22123893805309736,0.23893805309734514,0.252212389380531,0.1504424778761062,0.035398230088495575,0.035398230088495575,0.1504424778761062,26.946902654867255,1.9867256637168142,2026-07-01,2026-06-01,7,MEDIA,0.22890485958542542,0.1068124112079401,0.6642827292066347,0.6642827292066347
2522,224.0,63.0,51.0,51.0,34.0,3.0,2.0,37.0,6120.0,463.0,41.92076788127588,-87.74446705395725,37.333333333333336,0.28125,0.22767857142857142,0.22767857142857142,0.15178571428571427,0.013392857142857142,0.008928571428571428,0.16517857142857142,27.321428571428573,2.0669642857142856,2026-07-01,2026-06-01,7,MEDIA,0.22818558567489494,0.09866640817267697,0.6731480061524283,0.6731480061524283
111,226.0,76.0,55.0,77.0,30.0,3.0,1.0,32.0,6450.0,450.0,41.88561348316431,-87.6272468602096,37.666666666666664,0.336283185840708,0.24336283185840707,0.3407079646017699,0.13274336283185842,0.01327433628318584,0.004424778761061947,0.1415929203539823,28.539823008849556,1.991150442477876,2026-07-01,2026-06-01,7,MEDIA,0.2204465568326973,0.08872405041860555,0.6908293927486978,0.6908293927486978
923,226.0,80.0,57.0,67.0,35.0,7.0,9.0,30.0,6365.0,463.0,41.79833531835413,-87.69172331619781,37.666666666666664,0.35398230088495575,0.252212389380531,0.29646017699115046,0.15486725663716813,0.030973451327433628,0.03982300884955752,0.13274336283185842,28.163716814159294,2.0486725663716814,2026-07-01,2026-06-01,7,MEDIA,0.21146853581767508,0.0962253418113558,0.6923061223709691,0.6923061223709691
1922,206.0,60.0,51.0,50.0,41.0,2.0,7.0,38.0,5715.0,430.0,41.9467312894751,-87.67049961959296,34.333333333333336,0.2912621359223301,0.24757281553398058,0.24271844660194175,0.19902912621359223,0.009708737864077669,0.03398058252427184,0.18446601941747573,27.74271844660194,2.087378640776699,2026-07-01,2026-06-01,7,MEDIA,0.2026442945008881,0.13857584980145973,0.6587798556976524,0.6587798556976524
2221,220.0,63.0,60.0,58.0,42.0,4.0,3.0,34.0,6315.0,463.0,41.72769159095411,-87.66922654772826,36.666666666666664,0.2863636363636364,0.2727272727272727,0.2636363636363636,0.19090909090909092,0.01818181818181818,0.013636363636363636,0.15454545454545454,28.704545454545453,2.1045454545454545,2026-07-01,2026-06-01,7,MEDIA,0.19777228418952256,0.07679052222415803,0.7254371935863195,0.7254371935863195
1215,193.0,62.0,47.0,62.0,44.0,2.0,1.0,41.0,5515.0,391.0,41.89082612101365,-87.66350554710803,32.166666666666664,0.32124352331606215,0.24352331606217617,0.32124352331606215,0.22797927461139897,0.010362694300518135,0.0051813471502590676,0.21243523316062177,28.575129533678755,2.0259067357512954,2026-07-01,2026-06-01,7,MEDIA,0.19587006745086757,0.15331885381384613,0.6508110787352859,0.6508110787352859
1112,187.0,65.0,57.0,68.0,37.0,1.0,4.0,34.0,5260.0,393.0,41.8982123054691,-87.7215161797157,31.166666666666668,0.34759358288770054,0.3048128342245989,0.36363636363636365,0.19786096256684493,0.0053475935828877,0.0213903743315508,0.18181818181818182,28.128342245989305,2.1016042780748663,2026-07-01,2026-06-01,7,MEDIA,0.1943602587537732,0.17055927255009998,0.6350804686961269,0.6350804686961269
414,184.0,65.0,61.0,59.0,39.0,1.0,4.0,34.0,5280.0,371.0,41.75223465854527,-87.57490017572943,30.666666666666668,0.3532608695652174,0.33152173913043476,0.32065217391304346,0.21195652173913043,0.005434782608695652,0.021739130434782608,0.18478260869565216,28.695652173913043,2.016304347826087,2026-07-01,2026-06-01,7,MEDIA,0.1871250678350876,0.20584030235288478,0.6070346298120278,0.6070346298120278
312,179.0,61.0,48.0,64.0,34.0,4.0,2.0,30.0,5290.0,363.0,41.77810963489543,-87.61624119148708,29.833333333333332,0.3407821229050279,0.2681564245810056,0.3575418994413408,0.18994413407821228,0.0223463687150838,0.0111731843575419,0.16759776536312848,29.553072625698324,2.0279329608938546,2026-07-01,2026-06-01,7,MEDIA,0.17409343144688794,0.2345018253514401,0.5914047432016726,0.5914047432016726
1121,211.0,61.0,62.0,50.0,39.0,3.0,5.0,32.0,6000.0,439.0,41.89672605771131,-87.71098969700239,35.166666666666664,0.2890995260663507,0.2938388625592417,0.23696682464454977,0.1848341232227488,0.014218009478672985,0.023696682464454975,0.15165876777251186,28.436018957345972,2.080568720379147,2026-07-01,2026-06-01,7,MEDIA,0.17213349111775955,0.11528948331788286,0.7125770255643576,0.7125770255643576
913,184.0,59.0,42.0,57.0,35.0,7.0,7.0,36.0,5200.0,365.0,41.839187162101226,-87.65283732313655,30.666666666666668,0.32065217391304346,0.22826086956521738,0.30978260869565216,0.19021739130434784,0.03804347826086957,0.03804347826086957,0.1956521739130435,28.26086956521739,1.983695652173913,2026-07-01,2026-06-01,7,MEDIA,0.16954436000371914,0.24688497133753023,0.5835706686587507,0.5835706686587507
1612,208.0,49.0,48.0,46.0,38.0,3.0,1.0,36.0,5910.0,420.0,41.99094998978576,-87.80749196115286,34.666666666666664,0.23557692307692307,0.23076923076923078,0.22115384615384615,0.18269230769230768,0.014423076923076924,0.004807692307692308,0.17307692307692307,28.41346153846154,2.019230769230769,2026-07-01,2026-06-01,7,MEDIA,0.16758681431204242,0.1307945051052021,0.7016186805827554,0.7016186805827554
322,190.0,71.0,56.0,63.0,33.0,3.0,7.0,26.0,5281.0,390.0,41.769306855798135,-87.6187631489427,31.666666666666668,0.3736842105263158,0.29473684210526313,0.33157894736842103,0.1736842105263158,0.015789473684210527,0.03684210526315789,0.1368421052631579,27.794736842105262,2.0526315789473686,2026-07-01,2026-06-01,7,MEDIA,0.15506211150038207,0.19062929591795444,0.6543085925816637,0.6543085925816637
434,181.0,67.0,30.0,60.0,33.0,7.0,8.0,29.0,5345.0,344.0,41.68443326845527,-87.56787127748927,30.166666666666668,0.3701657458563536,0.16574585635359115,0.3314917127071823,0.18232044198895028,0.03867403314917127,0.04419889502762431,0.16022099447513813,29.53038674033149,1.9005524861878453,2026-07-01,2026-06-01,7,MEDIA,0.15410612185122374,0.30740403008585143,0.5384898480629245,0.5384898480629245
1634,193.0,58.0,55.0,57.0,39.0,0.0,1.0,35.0,5605.0,416.0,41.94544339706644,-87.753173444312,32.166666666666664,0.3005181347150259,0.2849740932642487,0.29533678756476683,0.20207253886010362,0.0,0.0051813471502590676,0.18134715025906736,29.041450777202073,2.155440414507772,2026-07-01,2026-06-01,7,MEDIA,0.15362749481318352,0.22399358459935878,0.6223789205874576,0.6223789205874576
1522,186.0,68.0,53.0,60.0,35.0,4.0,1.0,33.0,5165.0,382.0,41.87617172132535,-87.75967803212849,31.0,0.3655913978494624,0.2849462365591398,0.3225806451612903,0.1881720430107527,0.021505376344086023,0.005376344086021506,0.1774193548387097,27.768817204301076,2.053763440860215,2026-07-01,2026-06-01,7,MEDIA,0.14723441492416697,0.18077689557369966,0.6719886895021336,0.6719886895021336
1911,201.0,61.0,47.0,48.0,38.0,3.0,3.0,29.0,5600.0,414.0,41.96181561636654,-87.68750439618398,33.5,0.3034825870646766,0.23383084577114427,0.23880597014925373,0.1890547263681592,0.014925373134328358,0.014925373134328358,0.14427860696517414,27.860696517412936,2.0597014925373136,2026-07-01,2026-06-01,7,MEDIA,0.14155968132026753,0.15046146584231426,0.7079788528374183,0.7079788528374183
234,191.0,60.0,40.0,46.0,36.0,2.0,2.0,32.0,5275.0,381.0,41.7994246297022,-87.58824091708807,31.833333333333332,0.31413612565445026,0.2094240837696335,0.24083769633507854,0.18848167539267016,0.010471204188481676,0.010471204188481676,0.16753926701570682,27.61780104712042,1.9947643979057592,2026-07-01,2026-06-01,7,MEDIA,0.14055906451658443,0.17153232054646575,0.6879086149369501,0.6879086149369501
1932,189.0,57.0,45.0,50.0,37.0,1.0,3.0,34.0,5415.0,388.0,41.9299037708681,-87.66199855478807,31.5,0.30158730158730157,0.23809523809523808,0.26455026455026454,0.19576719576719576,0.005291005291005291,0.015873015873015872,0.17989417989417988,28.650793650793652,2.052910052910053,2026-07-01,2026-06-01,7,MEDIA,0.14049261358238294,0.15386432908797823,0.7056430573296387,0.7056430573296387
1013,194.0,55.0,54.0,51.0,33.0,1.0,2.0,30.0,5560.0,403.0,41.84819757106902,-87.72625221694717,32.333333333333336,0.28350515463917525,0.27835051546391754,0.26288659793814434,0.17010309278350516,0.005154639175257732,0.010309278350515464,0.15463917525773196,28.65979381443299,2.077319587628866,2026-07-01,2026-06-01,7,MEDIA,0.14000771274558632,0.1979926672349511,0.661999620019462,0.661999620019462
1434,199.0,59.0,62.0,58.0,32.0,0.0,3.0,27.0,5710.0,403.0,41.91344612113373,-87.68278886295967,33.166666666666664,0.2964824120603015,0.31155778894472363,0.2914572864321608,0.16080402010050251,0.0,0.01507537688442211,0.135678391959799,28.693467336683415,2.0251256281407035,2026-07-01,2026-06-01,7,MEDIA,0.13993975202807937,0.19680423682650147,0.6632560111454195,0.6632560111454195
1223,181.0,69.0,46.0,63.0,35.0,3.0,3.0,35.0,4795.0,371.0,41.88283360610121,-87.68038435705817,30.166666666666668,0.3812154696132597,0.2541436464088398,0.34806629834254144,0.19337016574585636,0.016574585635359115,0.016574585635359115,0.19337016574585636,26.49171270718232,2.0497237569060776,2026-07-01,2026-06-01,7,MEDIA,0.13916928600403697,0.22570567908985006,0.6351250349061133,0.6351250349061133
433,180.0,59.0,38.0,46.0,36.0,2.0,1.0,30.0,4790.0,349.0,41.66672037257243,-87.54456237376317,30.0,0.3277777777777778,0.2111111111111111,0.25555555555555554,0.2,0.011111111111111112,0.005555555555555556,0.16666666666666666,26.61111111111111,1.9388888888888889,2026-07-01,2026-06-01,7,MEDIA,0.13711704404148517,0.2374457180595293,0.6254372378989854,0.6254372378989854
2232,165.0,67.0,50.0,57.0,32.0,2.0,4.0,27.0,4795.0,341.0,41.70995824926176,-87.644446687288,27.5,0.40606060606060607,0.30303030303030304,0.34545454545454546,0.19393939393939394,0.012121212121212121,0.024242424242424242,0.16363636363636364,29.060606060606062,2.066666666666667,2026-07-01,2026-06-01,7,MEDIA,0.1357958562699813,0.2828538030310782,0.5813503406989406,0.5813503406989406
235,153.0,42.0,29.0,44.0,41.0,3.0,5.0,33.0,4490.0,307.0,41.791507774206046,-87.5936646838965,25.5,0.27450980392156865,0.1895424836601307,0.2875816993464052,0.2679738562091503,0.0196078431372549,0.032679738562091505,0.21568627450980393,29.34640522875817,2.0065359477124183,2026-07-01,2026-06-01,7,MEDIA,0.13491254813091771,0.3667259377455079,0.49836151412357454,0.49836151412357454
1424,180.0,57.0,61.0,50.0,39.0,0.0,2.0,37.0,5180.0,368.0,41.90684433569542,-87.67690665119251,30.0,0.31666666666666665,0.3388888888888889,0.2777777777777778,0.21666666666666667,0.0,0.011111111111111112,0.20555555555555555,28.77777777777778,2.0444444444444443,2026-07-01,2026-06-01,7,MEDIA,0.13364868013812256,0.22792312734755238,0.6384281925143249,0.6384281925143249
1912,186.0,49.0,45.0,40.0,37.0,1.0,2.0,31.0,5315.0,383.0,41.96087372059611,-87.67086162897625,31.0,0.26344086021505375,0.24193548387096775,0.21505376344086022,0.1989247311827957,0.005376344086021506,0.010752688172043012,0.16666666666666666,28.5752688172043,2.0591397849462365,2026-07-01,2026-06-01,7,MEDIA,0.13192672168394548,0.1714146990932564,0.6966585792227982,0.6966585792227982
1234,198.0,49.0,60.0,38.0,32.0,1.0,4.0,31.0,5780.0,408.0,41.85515576155157,-87.67437962431461,33.0,0.2474747474747475,0.30303030303030304,0.1919191919191919,0.16161616161616163,0.005050505050505051,0.020202020202020204,0.15656565656565657,29.19191919191919,2.0606060606060606,2026-07-01,2026-06-01,7,MEDIA,0.12122990759217687,0.17772987257288522,0.7010402198349381,0.7010402198349381
431,211.0,63.0,52.0,53.0,27.0,4.0,6.0,23.0,5931.0,435.0,41.71750856459092,-87.56868019778453,35.166666666666664,0.2985781990521327,0.24644549763033174,0.25118483412322273,0.12796208530805686,0.018957345971563982,0.02843601895734597,0.10900473933649289,28.10900473933649,2.061611374407583,2026-07-01,2026-06-01,7,MEDIA,0.11260166345387923,0.15048988523401002,0.7369084513121106,0.7369084513121106
1532,165.0,70.0,46.0,56.0,32.0,3.0,1.0,29.0,4665.0,327.0,41.886624694571616,-87.7498720046979,27.5,0.42424242424242425,0.2787878787878788,0.3393939393939394,0.19393939393939394,0.01818181818181818,0.006060606060606061,0.17575757575757575,28.272727272727273,1.981818181818182,2026-07-01,2026-06-01,7,MEDIA,0.10052349093651045,0.26915416492847266,0.6303223441350172,0.6303223441350172
1221,192.0,64.0,55.0,53.0,38.0,1.0,0.0,32.0,5435.0,393.0,41.892637594809926,-87.68776772031336,32.0,0.3333333333333333,0.2864583333333333,0.2760416666666667,0.19791666666666666,0.005208333333333333,0.0,0.16666666666666666,28.307291666666668,2.046875,2026-07-01,2026-06-01,7,MEDIA,0.09715145234838356,0.21519605960146707,0.6876524880501494,0.6876524880501494
832,188.0,57.0,47.0,57.0,30.0,3.0,1.0,26.0,5355.0,383.0,41.76823179144429,-87.6835552286002,31.333333333333332,0.30319148936170215,0.25,0.30319148936170215,0.1595744680851064,0.015957446808510637,0.005319148936170213,0.13829787234042554,28.48404255319149,2.0372340425531914,2026-07-01,2026-06-01,7,MEDIA,0.09580430794645009,0.22721728467091973,0.6769784073826308,0.6769784073826308
1924,171.0,66.0,55.0,54.0,32.0,0.0,4.0,32.0,4705.0,353.0,41.9436811919218,-87.65493902309977,28.5,0.38596491228070173,0.3216374269005848,0.3157894736842105,0.1871345029239766,0.0,0.023391812865497075,0.1871345029239766,27.514619883040936,2.064327485380117,2026-07-01,2026-06-01,7,MEDIA,0.09542005636363178,0.3157531205147393,0.5888268231216289,0.5888268231216289
1713,173.0,50.0,45.0,46.0,39.0,1.0,2.0,36.0,4770.0,355.0,41.969381411093366,-87.70858944008799,28.833333333333332,0.28901734104046245,0.26011560693641617,0.2658959537572254,0.2254335260115607,0.005780346820809248,0.011560693641618497,0.20809248554913296,27.572254335260116,2.052023121387283,2026-07-01,2026-06-01,7,MEDIA,0.09391358298280758,0.2541693766284098,0.6519170403887825,0.6519170403887825
2535,178.0,53.0,53.0,47.0,31.0,2.0,2.0,28.0,5140.0,382.0,41.90837778464091,-87.72248641600453,29.666666666666668,0.29775280898876405,0.29775280898876405,0.2640449438202247,0.17415730337078653,0.011235955056179775,0.011235955056179775,0.15730337078651685,28.876404494382022,2.146067415730337,2026-07-01,2026-06-01,7,MEDIA,0.09219992844631282,0.2792690413740604,0.6285310301796264,0.6285310301796264
1414,157.0,56.0,60.0,55.0,40.0,0.0,1.0,29.0,4550.0,318.0,41.92386003503334,-87.70171599142574,26.166666666666668,0.35668789808917195,0.3821656050955414,0.3503184713375796,0.25477707006369427,0.0,0.006369426751592357,0.18471337579617833,28.980891719745223,2.0254777070063694,2026-07-01,2026-06-01,7,MEDIA,0.08737905577899828,0.34690323823004876,0.5657177059909528,0.5657177059909528
622,171.0,42.0,48.0,48.0,29.0,6.0,3.0,33.0,4696.0,346.0,41.74046263568665,-87.63249118606912,28.5,0.24561403508771928,0.2807017543859649,0.2807017543859649,0.1695906432748538,0.03508771929824561,0.017543859649122806,0.19298245614035087,27.461988304093566,2.0233918128654973,2026-07-01,2026-06-01,7,MEDIA,0.08485174636244042,0.3687763153600446,0.5463719382775144,0.5463719382775144
2012,168.0,44.0,34.0,40.0,36.0,2.0,2.0,33.0,4745.0,348.0,41.98320390567866,-87.67514034966526,28.0,0.2619047619047619,0.20238095238095238,0.23809523809523808,0.21428571428571427,0.011904761904761904,0.011904761904761904,0.19642857142857142,28.24404761904762,2.0714285714285716,2026-07-01,2026-06-01,7,MEDIA,0.07976094799240355,0.2644995994972178,0.6557394525103784,0.6557394525103784
1613,176.0,42.0,35.0,43.0,29.0,1.0,1.0,32.0,4879.0,356.0,41.97694811649764,-87.80207750912106,29.333333333333332,0.23863636363636365,0.19886363636363635,0.24431818181818182,0.16477272727272727,0.005681818181818182,0.005681818181818182,0.18181818181818182,27.72159090909091,2.022727272727273,2026-07-01,2026-06-01,7,MEDIA,0.07434423080037154,0.32352131957606756,0.6021344496235611,0.6021344496235611
1614,185.0,47.0,53.0,44.0,33.0,1.0,0.0,32.0,5175.0,378.0,41.97272500483536,-87.83907043226203,30.833333333333332,0.25405405405405407,0.2864864864864865,0.23783783783783785,0.1783783783783784,0.005405405405405406,0.0,0.17297297297297298,27.972972972972972,2.0432432432432432,2026-07-01,2026-06-01,7,MEDIA,0.0727845995128948,0.22700926838526816,0.7002061321018371,0.7002061321018371
1651,127.0,31.0,27.0,27.0,32.0,2.0,0.0,27.0,3605.0,252.0,41.976201139,-87.90530912510002,21.166666666666668,0.2440944881889764,0.2125984251968504,0.2125984251968504,0.25196850393700787,0.015748031496062992,0.0,0.2125984251968504,28.385826771653544,1.984251968503937,2026-07-01,2026-06-01,7,MEDIA,0.07235493425844623,0.43122069415901637,0.49642437158253744,0.49642437158253744
2234,180.0,62.0,54.0,62.0,26.0,3.0,4.0,19.0,5230.0,353.0,41.68688557613624,-87.6590932863827,30.0,0.34444444444444444,0.3,0.34444444444444444,0.14444444444444443,0.016666666666666666,0.022222222222222223,0.10555555555555556,29.055555555555557,1.961111111111111,2026-07-01,2026-06-01,7,MEDIA,0.07196258628233351,0.243006407678586,0.6850310060390804,0.6850310060390804
423,177.0,59.0,53.0,47.0,31.0,3.0,0.0,24.0,5030.0,373.0,41.73455728233228,-87.55795263037324,29.5,0.3333333333333333,0.2994350282485876,0.2655367231638418,0.1751412429378531,0.01694915254237288,0.0,0.13559322033898305,28.418079096045197,2.1073446327683616,2026-07-01,2026-06-01,7,MEDIA,0.07105628705036321,0.23057009016043614,0.6983736227892006,0.6983736227892006
1821,168.0,54.0,50.0,52.0,32.0,0.0,0.0,32.0,4910.0,344.0,41.9068991929875,-87.63625474233649,28.0,0.32142857142857145,0.2976190476190476,0.30952380952380953,0.19047619047619047,0.0,0.0,0.19047619047619047,29.226190476190474,2.0476190476190474,2026-07-01,2026-06-01,7,MEDIA,0.07075158688992148,0.29712270480999287,0.6321257083000853,0.6321257083000853
925,164.0,39.0,37.0,47.0,26.0,7.0,3.0,24.0,4490.0,320.0,41.815824807620864,-87.64007075326893,27.333333333333332,0.23780487804878048,0.22560975609756098,0.2865853658536585,0.15853658536585366,0.042682926829268296,0.018292682926829267,0.14634146341463414,27.378048780487806,1.951219512195122,2026-07-01,2026-06-01,7,MEDIA,0.06533086442192991,0.4403304238422536,0.4943387117358166,0.4943387117358166
634,157.0,52.0,43.0,49.0,31.0,6.0,3.0,26.0,4320.0,316.0,41.73041789218309,-87.62697393143769,26.166666666666668,0.33121019108280253,0.27388535031847133,0.31210191082802546,0.19745222929936307,0.03821656050955414,0.01910828025477707,0.16560509554140126,27.515923566878982,2.0127388535031847,2026-07-01,2026-06-01,7,MEDIA,0.06440231306812828,0.4432139207036249,0.4923837662282466,0.4923837662282466
1032,170.0,61.0,56.0,57.0,28.0,1.0,1.0,22.0,4785.0,368.0,41.84027609580821,-87.7095830638562,28.333333333333332,0.3588235294117647,0.32941176470588235,0.3352941176470588,0.16470588235294117,0.0058823529411764705,0.0058823529411764705,0.12941176470588237,28.147058823529413,2.164705882352941,2026-07-01,2026-06-01,7,MEDIA,0.06203760403657975,0.3441934860483071,0.593768909915113,0.593768909915113
812,179.0,50.0,39.0,43.0,28.0,3.0,1.0,29.0,5105.0,367.0,41.778293598935846,-87.77936582705439,29.833333333333332,0.27932960893854747,0.21787709497206703,0.24022346368715083,0.1564245810055866,0.01675977653631285,0.00558659217877095,0.16201117318435754,28.519553072625698,2.0502793296089385,2026-07-01,2026-06-01,7,MEDIA,0.05781837415414812,0.34732365833523393,0.5948579675106178,0.5948579675106178
621,169.0,54.0,50.0,55.0,27.0,1.0,6.0,23.0,4801.0,343.0,41.75257785376699,-87.64209507568737,28.166666666666668,0.31952662721893493,0.2958579881656805,0.3254437869822485,0.15976331360946747,0.005917159763313609,0.03550295857988166,0.13609467455621302,28.40828402366864,2.029585798816568,2026-07-01,2026-06-01,7,MEDIA,0.055419900525014124,0.3089958916051955,0.6355842078697901,0.6355842078697901
614,149.0,48.0,38.0,46.0,30.0,2.0,0.0,23.0,4325.0,306.0,41.740586862307445,-87.66758977080758,24.833333333333332,0.3221476510067114,0.2550335570469799,0.3087248322147651,0.20134228187919462,0.013422818791946308,0.0,0.15436241610738255,29.026845637583893,2.053691275167785,2026-07-01,2026-06-01,7,MEDIA,0.054101482732910995,0.4431449869440664,0.5027535303230225,0.5027535303230225
2511,176.0,71.0,47.0,60.0,19.0,2.0,1.0,16.0,4915.0,362.0,41.934651273834746,-87.7928306491082,29.333333333333332,0.4034090909090909,0.26704545454545453,0.3409090909090909,0.10795454545454546,0.011363636363636364,0.005681818181818182,0.09090909090909091,27.926136363636363,2.0568181818181817,2026-07-01,2026-06-01,7,MEDIA,0.05092847684663652,0.45611771326522926,0.49295380988813425,0.49295380988813425
2523,181.0,47.0,55.0,44.0,27.0,2.0,1.0,20.0,5090.0,373.0,41.93558031283838,-87.72672497628004,30.166666666666668,0.2596685082872928,0.30386740331491713,0.2430939226519337,0.14917127071823205,0.011049723756906077,0.0055248618784530384,0.11049723756906077,28.12154696132597,2.0607734806629834,2026-07-01,2026-06-01,7,MEDIA,0.04929262126483133,0.2958867146606332,0.6548206640745353,0.6548206640745353
321,178.0,55.0,46.0,46.0,30.0,2.0,2.0,22.0,4825.0,352.0,41.77313947738149,-87.60165738146944,29.666666666666668,0.3089887640449438,0.25842696629213485,0.25842696629213485,0.16853932584269662,0.011235955056179775,0.011235955056179775,0.12359550561797752,27.10674157303371,1.9775280898876404,2026-07-01,2026-06-01,7,MEDIA,0.049279458824741385,0.332169101708595,0.6185514394666639,0.6185514394666639
1724,155.0,52.0,52.0,53.0,29.0,2.0,1.0,21.0,4325.0,342.0,41.9588872357674,-87.70641510522596,25.833333333333332,0.33548387096774196,0.33548387096774196,0.3419354838709677,0.1870967741935484,0.012903225806451613,0.0064516129032258064,0.13548387096774195,27.903225806451612,2.206451612903226,2026-07-01,2026-06-01,7,MEDIA,0.04904029821052326,0.46166470395715303,0.48929499783232366,0.48929499783232366
2022,162.0,52.0,34.0,46.0,26.0,1.0,2.0,22.0,4835.0,327.0,41.98611809320152,-87.65622569088708,27.0,0.32098765432098764,0.20987654320987653,0.2839506172839506,0.16049382716049382,0.006172839506172839,0.012345679012345678,0.13580246913580246,29.84567901234568,2.0185185185185186,2026-07-01,2026-06-01,7,MEDIA,0.04880734726636201,0.3686356233149246,0.5825570294187133,0.5825570294187133
1811,166.0,35.0,42.0,36.0,30.0,1.0,0.0,30.0,4605.0,345.0,41.9198422037202,-87.66051100286,27.666666666666668,0.21084337349397592,0.25301204819277107,0.21686746987951808,0.18072289156626506,0.006024096385542169,0.0,0.18072289156626506,27.740963855421686,2.0783132530120483,2026-07-01,2026-06-01,7,MEDIA,0.04647775632195885,0.31252704083803623,0.6409952028400049,0.6409952028400049
324,178.0,59.0,45.0,48.0,28.0,2.0,1.0,23.0,4965.0,351.0,41.76295441690996,-87.58826955883893,29.666666666666668,0.33146067415730335,0.25280898876404495,0.2696629213483146,0.15730337078651685,0.011235955056179775,0.0056179775280898875,0.12921348314606743,27.89325842696629,1.9719101123595506,2026-07-01,2026-06-01,7,MEDIA,0.046075896829377766,0.2723902945084895,0.6815338086621331,0.6815338086621331
825,169.0,54.0,54.0,44.0,27.0,5.0,0.0,31.0,4815.0,345.0,41.78011268587107,-87.68624227841543,28.166666666666668,0.31952662721893493,0.31952662721893493,0.2603550295857988,0.15976331360946747,0.029585798816568046,0.0,0.1834319526627219,28.49112426035503,2.0414201183431953,2026-07-01,2026-06-01,7,MEDIA,0.043270225270190754,0.3712122243868622,0.5855175503429468,0.5855175503429468
1513,160.0,56.0,50.0,54.0,25.0,2.0,2.0,23.0,4490.0,325.0,41.87499707862048,-87.76948413505986,26.666666666666668,0.35,0.3125,0.3375,0.15625,0.0125,0.0125,0.14375,28.0625,2.03125,2026-07-01,2026-06-01,7,MEDIA,0.03759039121752028,0.4408531850369416,0.5215564237455386,0.5215564237455386
1213,174.0,51.0,41.0,46.0,19.0,0.0,5.0,23.0,5035.0,354.0,41.89936058970231,-87.6621291150679,29.0,0.29310344827586204,0.23563218390804597,0.26436781609195403,0.10919540229885058,0.0,0.028735632183908046,0.13218390804597702,28.936781609195403,2.0344827586206895,2026-07-01,2026-06-01,7,MEDIA,0.034576708572623766,0.37090637675460386,0.5945169146727725,0.5945169146727725
1011,150.0,57.0,39.0,47.0,25.0,3.0,2.0,25.0,4190.0,292.0,41.86428773199423,-87.72504089463656,25.0,0.38,0.26,0.31333333333333335,0.16666666666666666,0.02,0.013333333333333334,0.16666666666666666,27.933333333333334,1.9466666666666668,2026-07-01,2026-06-01,7,MEDIA,0.03405616588874056,0.45347951369699196,0.5124643204142674,0.5124643204142674
1531,166.0,56.0,50.0,51.0,22.0,1.0,1.0,19.0,4665.0,336.0,41.89749837967217,-87.75040417447457,27.666666666666668,0.3373493975903614,0.30120481927710846,0.3072289156626506,0.13253012048192772,0.006024096385542169,0.006024096385542169,0.1144578313253012,28.102409638554217,2.0240963855421685,2026-07-01,2026-06-01,7,MEDIA,0.0313839682739378,0.42292368702799293,0.5456923446980693,0.5456923446980693
612,164.0,56.0,48.0,50.0,22.0,2.0,2.0,17.0,4600.0,337.0,41.75219358957547,-87.65617724116869,27.333333333333332,0.34146341463414637,0.2926829268292683,0.3048780487804878,0.13414634146341464,0.012195121951219513,0.012195121951219513,0.10365853658536585,28.048780487804876,2.0548780487804876,2026-07-01,2026-06-01,7,MEDIA,0.026851505928422288,0.48442618805374216,0.48872230601783573,0.48872230601783573
